material,Df,T_eval_K,mode,Tc_K,xi_nm,lambda_nm,kappa,Hc_Aperm,Hc1_Aperm,Hc2_Aperm,Jd_Aperm2,Jpin_Aperm2,Jc_Aperm2,Bext_T,vF,m_eff,ns,lambda_ep,mu_star,theta_b
YBCO,0.8,0.0,mcmillan,42.98074666101017,5.758494318460141,44.17473270080857,7.671229710029684,727994.3971063456,170274.71177760183,7897834.381458187,6343109668364.704,1283404772030.5498,1283404772030.5498,1.0,193416.48821365993,1.8838897643384376e-30,7.481987582580972e+27,0.956352499790037,0.12,890.0143496145284
YBCO,0.82,0.0,mcmillan,43.411736059456864,5.722480539075481,43.929985566864524,7.676738307258939,736657.3473759174,172226.00733179462,7997555.430645113,6454350975685.326,1278944540319.144,1278944540319.144,1.0,194134.21033751927,1.8769249467494762e-30,7.537618324674435e+27,0.9610871496100633,0.12,891.113867200651
YBCO,0.84,0.0,mcmillan,43.83411928252724,5.687861440754881,43.69244397207137,7.681699778937055,745170.3455837308,174148.08901387785,8095205.747193724,6564434800822.724,1274598383305.3562,1274598383305.3562,1.0,194837.20397604184,1.870152799178977e-30,7.592307210640345e+27,0.9657302989075099,0.12,892.1881974077548
YBCO,0.86,0.0,mcmillan,44.24824992280832,5.654550273517921,43.46173163684336,7.686151777691082,753539.1385510019,176042.0579725927,8190865.005727621,6673396082827.866,1270362347686.67,1270362347686.67,1.0,195526.11148460818,1.8635635907313773e-30,7.646092054458286e+27,0.9702858327569769,0.12,893.2384967416713
YBCO,0.88,0.0,mcmillan,44.654459717351365,5.622467608539896,43.237500110372835,7.690128804779583,761769.1340087447,177908.94957247673,8284608.373013428,6781268011295.678,1266232575084.3745,1266232575084.3745,1.0,196201.53305202452,1.8571482940624256e-30,7.699008314392935e+27,0.974757385530792,0.12,894.2658432185584
YBCO,0.9,0.0,mcmillan,45.053060336993724,5.591540566203629,43.019426134652896,7.6936625291911085,769865.4273985561,179749.7387142473,8376506.842936574,6888082147773.464,1262205315205.8298,1262205315205.8298,1.0,196864.03035570143,1.850898519864867e-30,7.751089289578106e+27,0.9791483623609768,0.12,895.2712433374779
YBCO,0.92,0.0,mcmillan,45.4443449945887,5.561702141003503,42.807209310518395,7.696782068734565,777832.826037495,181565.34461721824,8466627.540853826,6993868536483.935,1258276934645.1628,1258276934645.1628,1.0,197514.12982645945,1.844806458758919e-30,7.802366296220698e+27,0.9834619583314298,0.12,896.2556382937971
YBCO,0.94,0.0,mcmillan,45.82858989384131,5.532890609300852,42.60057002536198,7.6995142383169375,785675.8709553026,183356.63512857293,8555034.000623582,7098655805494.054,1254443922320.955,1254443922320.955,1.0,198152.32557216808,1.8388648296095452e-30,7.852868825931698e+27,0.9877011756841471,0.12,897.2199095306396
YBCO,0.96,0.0,mcmillan,46.206055537459555,5.505049008209162,42.39924760830547,7.7018837698046765,793398.8566706541,185124.4306153041,8641786.417207608,7202471259321.965,1250702892330.358,1250702892330.358,1.0,198779.08200231477,1.833066833439531e-30,7.902624688336595e+27,0.9918688392825663,0.12,898.1648837113702
YBCO,0.98,0.0,mcmillan,46.57698791080603,5.478124675755982,42.2029986836941,7.703913507202184,801005.8491378918,186869.50748702657,8726941.877387214,7305340963854.415,1247050584829.0664,1247050584829.0664,1.0,199394.83618964464,1.827406112229718e-30,7.951660139819045e+27,0.9959676105409553,0.12,899.0913371841992
YBCO,1.0,0.0,mcmillan,46.94161955509266,5.45206884400712,42.01159569802428,7.705624580328468,808500.7020656957,188592.6013914402,8810554.570833145,7407289824343.788,1243483865414.2886,1243483865414.2886,1.0,200000.0,1.821876712e-30,8e+27,1.0,0.12,900.0
YBCO,1.02,0.0,mcmillan,47.300170542338236,5.426836278110959,41.824825598969866,7.707036559711503,815887.0717835444,190294.41011875146,8892675.983505854,7508341657164.284,1239999723384.5393,1239999723384.5393,1.0,200594.9620172589,1.8164730496504176e-30,8.04766775734111e+27,1.0039683787044291,0.12,900.8915595360207
YBCO,1.04,0.0,mcmillan,47.65284936275403,5.402384955277126,41.64248864815859,7.708167595032563,823168.4308098999,191975.59624671165,8973355.075134993,7608519255929.295,1236595269169.1602,1236595269169.1602,1.0,201180.08928668866,1.811189883113892e-30,8.094685665080003e+27,1.0078749885178921,0.12,901.7666637710569
YBCO,1.06,0.0,mcmillan,47.999853733887484,5.378675778584579,41.46439735187092,7.709034539126367,830348.080257189,193636.78955394364,9052638.442327702,7707844452504.278,1233267731156.969,1233267731156.969,1.0,201755.7288969814,1.806022284433142e-30,8.14107482855045e+27,1.0117219514927542,0.12,902.6259242516135
YBCO,1.08,0.0,mcmillan,48.34137133971048,5.355672321250985,41.29037549596694,7.709653059267501,837429.1611924233,195278.58922581308,9130570.468682436,7806338173390.443,1230014452103.4666,1230014452103.4666,1.0,202322.20941864068,1.800965615426048e-30,8.186855284808061e+27,1.0155112783974816,0.12,903.469918783446
YBCO,1.1,0.0,mcmillan,48.67758050685213,5.333340597614043,41.12025727315867,7.710037737240049,844414.6650582898,196901.5658741667,9207193.463133754,7904020491903.276,1226832885256.6008,1226832885256.6008,1.0,202879.84221416333,1.796015505647719e-30,8.23204607536876e+27,1.0192448764914566,0.12,904.2991938784854
YBCO,1.12,0.0,mcmillan,49.008650824321464,5.311648857597072,40.95388649228964,7.710202159488514,851307.4432473389,198506.2633897161,9282547.787619988,8000910676524.242,1223720590310.0176,1223720590310.0176,1.0,203428.9226335504,1.7911678323950657e-30,8.276665312769406e+27,1.0229245566260303,0.12,905.1142669833837
YBCO,1.14,0.0,mcmillan,49.33474371232907,5.290567401871936,40.79111586060296,7.7101589984790735,858110.2159113763,200093.20064365584,9356671.97504991,8097027235764.661,1220675229268.1099,1220675229268.1099,1.0,203969.73110704008,1.7864187025318063e-30,8.32073024157565e+27,1.0265520397411132,0.12,905.9156285126986
YBCO,1.16,0.0,mcmillan,49.65601294517371,5.270068415306404,40.63180633111014,7.709920086255236,864825.5800789425,201662.8730532003,9429602.838441605,8192387959845.67,1217694562287.738,1217694562287.738,1.0,204502.53414553372,1.7817644359394254e-30,8.364257294389036e+27,1.030128962818399,0.12,906.7037437069404
YBCO,1.18,0.0,mcmillan,49.97260513260091,5.250125816601349,40.475826508145886,7.70949648104772,871456.0171457218,203215.75402406312,9501375.57201611,8287009959467.108,1214776443546.0962,1214776443546.0962,1.0,205027.58525795973,1.7772015504233424e-30,8.407262143341988e+27,1.0336568843451934,0.12,907.4790543333073
YBCO,1.2,0.0,mcmillan,50.28466016355391,5.230715122294579,40.32305210503172,7.708898527691764,878003.8997957082,204752.29628146073,9572023.84494899,8380909701911.144,1211918817172.0142,1211918817172.0142,1.0,205545.12579375444,1.77272674792404e-30,8.449759747514065e+27,1.0371372893366482,0.12,908.2419802448517
YBCO,1.22,0.0,mcmillan,50.59231161580908,5.211813323540598,40.1733654484962,7.7081359125128435,884471.4984047711,206272.9330999586,9641579.88841186,8474103044702.076,1209119713268.369,1209119713268.369,1.0,206055.3857177102,1.7683369019006545e-30,8.491764396654864e+27,1.0405715939588083,0.12,908.9929208120041
YBCO,1.24,0.0,mcmillan,50.895687134613965,5.193398774275061,40.02665502512707,7.7072177132622235,890860.9869728347,207778.07944136686,9710074.576473208,8566605267022.209,1206377244045.664,1206377244045.664,1.0,206558.58432363364,1.764029045769896e-30,8.533289751556731e+27,1.0439611497901928,0.12,909.732256238815
YBCO,1.26,0.0,mcmillan,51.19490878311855,5.175451089544052,39.882815065675885,7.706152444615121,897174.4486261398,209268.13300892615,9777537.5013729,8658431099064.942,1203689600080.83,1203689600080.83,1.0,207054.93089254916,1.7598003622965736e-30,8.57434888138366e+27,1.0473072477555103,0.12,910.460348774894
YBCO,1.28,0.0,mcmillan,51.49009336709716,5.157951052926798,39.7417451635106,7.704948099683841,903413.8807267705,210743.47522516106,9843997.043633727,8749594749488.532,1201055046710.6328,1201055046710.6328,1.0,207544.6253005635,1.7556481738436553e-30,8.614954298230259e+27,1.0506111217615068,0.12,911.1775438328241
YBCO,1.3,0.0,mcmillan,51.781352736206806,5.1408805321079605,39.60334992392568,7.70361218794687,909581.1996229781,212204.4721400299,9909480.43743102,8840109931119.586,1198471920565.339,1198471920565.339,1.0,208027.8585809629,1.751569933399991e-30,8.655117989156223e+27,1.0538739520617835,0.12,911.884171019778
YBCO,1.32,0.0,mcmillan,52.06879406379827,5.124222401767042,39.467538641381886,7.702151769948912,915678.2450704551,213651.47527532667,9974013.831600484,8929989885041.062,1195938626245.4634,1195938626245.4634,1.0,208504.81344463624,1.7475632163127576e-30,8.694851445916511e+27,1.057096868374616,0.12,912.580545091132
YBCO,1.34,0.0,mcmillan,52.35252010709707,5.107960473048721,39.33422500206535,7.700573489087407,921706.7843518102,215084.82241070326,10037622.346629795,9019247403187.768,1193453633142.1787,1193453633142.1787,1.0,208975.66476249404,1.7436257126595173e-30,8.734165692585258e+27,1.0602809527753625,0.12,913.2669668330598
YBCO,1.36,0.0,mcmillan,52.6326294493939,5.092079428961939,39.203326809434536,7.698883600766307,927668.516118868,216504.8383161523,10100330.12794793,9107894849561.188,1191015472400.3003,1191015472400.3003,1.0,209440.58001318248,1.739755220201671e-30,8.773071311251661e+27,1.063427242382854,0.12,913.9437238803753
YBCO,1.38,0.0,mcmillan,52.90921672572576,5.076564765128866,39.074765730669334,7.6970879991673735,933565.0739801081,217911.83543532804,10162160.395797938,9195944180166.01,1188622734021.4312,1188622734021.4312,1.0,209899.7196990589,1.7359496378671613e-30,8.8115784659487e+27,1.066536731857243,0.12,914.6110914752423
YBCO,1.4,0.0,mcmillan,53.182372833386836,5.06140273536913,38.94846706215287,7.6951922418622445,939398.0298534324,219306.11452366415,10223135.49195296,9283406961761.338,1186274064103.959,1186274064103.959,1.0,210353.2377331038,1.7322069597156352e-30,8.849696924959938e+27,1.0696103757250688,0.12,915.2693331718255
YBCO,1.42,0.0,mcmillan,53.45218512848466,5.046580301660671,38.824359512308135,7.693201572465271,945168.8971026503,220687.9652448775,10283276.923513277,9370294389512.176,1183968162215.844,1183968162215.844,1.0,210801.2817991843,1.728525269344021e-30,8.887436081635824e+27,1.0726490905457768,0.12,915.9187014914389
YBCO,1.44,0.0,mcmillan,53.71873760964254,5.032085088068187,38.70237500028042,7.691120941505825,950879.1334743492,222057.66672911707,10342605.404000634,9456617303619.152,1181703778895.7087,1181703778895.7087,1.0,211243.99368785162,1.7249027346946755e-30,8.924804973838621e+27,1.0756537569325701,0.12,916.5594385323218
YBCO,1.46,0.0,mcmillan,53.98211108985009,5.017905338273376,38.58244846910732,7.688955025680746,956530.1438503643,223415.48809571864,10401140.891948367,9542386204998.268,1179479713277.3718,1179479713277.3718,1.0,211681.50960964902,1.7213376032319772e-30,8.961812302123985e+27,1.07862522143927,0.12,917.1917765377586
YBCO,1.48,0.0,mcmillan,54.24238335737293,5.004029876379543,38.464517712150936,7.686708245631085,962123.2828296978,224761.68894326084,10458902.62716856,9627611270076.332,1177294810832.8071,1177294810832.8071,1.0,212113.96048772236,1.7178281974565783e-30,8.998466446757409e+27,1.0815642983237685,0.12,917.8159384259242
YBCO,1.5,0.0,mcmillan,54.49962932655065,4.990448070697059,38.34852321168549,7.684384782372661,967659.8571525252,226096.51980937997,10515909.164862117,9712302364762.523,1175147961228.4243,1175147961228.4243,1.0,212541.4722313606,1.714372910729449e-30,9.034775483654844e+27,1.0844717711976986,0.12,918.4321382845075
MgB2,0.8,0.0,mcmillan,34.27338919725048,11.825065053660945,40.2190941216789,3.401173180795939,389381.2963873509,139572.2050671126,1872918.2884569513,3726412395175.6826,1077991124696.2225,1077991124696.2225,1.0,293379.8305628786,1.3972407694609515e-30,6.694467498530259e+27,0.8762202945926294,0.1,741.6786246787738
MgB2,0.82,0.0,mcmillan,34.5004370987192,11.776286977877003,40.07040248406118,3.40263468097692,392445.0220149566,140645.00166064833,1888465.8976740225,3769669133264.3,1086643490077.6885,1086643490077.6885,1.0,294105.1571545554,1.393794873119418e-30,6.727610047270443e+27,0.8788204852135112,0.1,742.5948893338758
MgB2,0.84,0.0,mcmillan,34.72278523158357,11.729107510142835,39.92582415166631,3.4039950709924134,395450.4308900106,141698.28174093354,1903688.8817734215,3812293047196.83,1094932557639.4259,1094932557639.4259,1.0,294814.73318285146,1.3904402123137991e-30,6.76011209235257e+27,0.8813654537272417,0.1,743.4901645064624
MgB2,0.86,0.0,mcmillan,34.94063613495376,11.683437244778805,39.78515137995854,3.405260844597601,398399.9404000266,142732.8466409228,1918600.9152079085,3854307530270.454,1102880681912.0461,1102880681912.0461,1.0,295509.26372641505,1.3871722836395053e-30,6.792000829298838e+27,0.8838576467269953,0.1,744.3654139513927
MgB2,0.88,0.0,mcmillan,35.15417923393423,11.639193736808442,39.64819144449349,3.4064379664982996,401295.8152768428,143749.44716264374,1933214.8090307864,3895734601986.633,1110508416171.2483,1110508416171.2483,1.0,296189.4067953331,1.3839869043097022e-30,6.823301698715545e+27,0.8862993485686513,0.1,745.2215360154653
MgB2,0.9,0.0,mcmillan,35.36359196139356,11.596300814782879,39.51476524225542,3.407531925343148,404140.1804177402,144748.78782756568,1947542.5829979144,3936595017483.2793,1117834690128.1753,1117834690128.1753,1.0,296855.77746186435,1.380880182642431e-30,6.854038536526838e+27,0.888692695538946,0.1,746.0593694478983
MgB2,0.92,0.0,mcmillan,35.569040761411785,11.554687975124155,39.38470605107913,3.408547780422079,406935.03237353323,145731.5306838089,1961595.530232743,3976908366051.922,1124876967070.7026,1124876967070.7026,1.0,297508.9515457118,1.377848491852912e-30,6.884233708320009e+27,0.891039688501618,0.1,746.8796985781643
MgB2,0.94,0.0,mcmillan,35.770681989147704,11.5142898467662,39.25785842627732,3.409490202932744,409682.24966776714,146698.29872494825,1975384.2753619351,4016693160038.754,1131651383158.1187,1131651383158.1187,1.0,298149.468910433,1.3748884467177927e-30,6.91390822978903e+27,0.8933422042143145,0.1,747.6832579421996
MgB2,0.96,0.0,mcmillan,35.968662719761575,11.475045716621121,39.1340772167325,3.4103635125434346,412383.60208794096,147649.67896739035,1988918.8269019248,4055966915250.0264,1138172871176.6094,1138172871176.6094,1.0,298777.8364193552,1.3719968827428216e-30,6.943081874977964e+27,0.8956020054810657,0.1,748.4707364261418
MgB2,0.98,0.0,mcmillan,36.163121477260155,11.43689910784413,39.013226685324675,3.4111717098708163,415040.7590701395,148586.22522676789,2002208.6245696212,4094746223831.3013,1144455270730.9724,1144455270730.9724,1.0,299394.5305924709,1.36917083751933e-30,6.971773273786688e+27,0.8978207502817129,0.1,749.2427809868327
MgB2,1.0,0.0,mcmillan,36.35418889263914,11.399797404071085,38.89517972074893,3.41191850539894,417655.29728196625,149508.46062828068,2015262.5820997378,4133046820462.124,1150511426568.1155,1150511426568.1155,1.0,300000.0,1.366407534e-30,7e+27,0.9,0.1,750.0
MgB2,1.02,0.0,mcmillan,36.54198829943831,11.363691513802936,38.77981712960712,3.412607345289435,420228.7074947067,150416.87988124823,2028089.12607442,4170883642598.814,1156353276491.538,1156353276491.538,1.0,300594.66742342355,1.3637043654622637e-30,7.027778650931005e+27,0.9021412268554267,0.1,750.7429662800173
MgB2,1.04,0.0,mcmillan,36.726636273754174,11.3285355699487,38.66702699919964,3.4132414344685458,422762.4008237878,151311.95134417491,2040696.2312053759,4208270885405.258,1161991930125.6672,1161991930125.6672,1.0,301178.9318106602,1.3610588819595876e-30,7.055124919625246e+27,0.9042458206299054,0.1,751.472219809214
MgB2,1.06,0.0,mcmillan,36.90824312484303,11.294286660241998,38.55670412274561,3.413823757322578,425257.71440645773,152194.1189032472,2053091.4524527323,4245222051931.787,1167437739618.806,1167437739618.806,1.0,301753.1700485479,1.358468778087896e-30,7.08205366044928e+27,0.9063150947683121,0.1,752.1882702096779
MgB2,1.08,0.0,mcmillan,37.08691334166925,11.260904584838887,38.44874947986345,3.4143570962877092,427715.9165769564,153063.80368429472,2065281.9543169674,4281749999033.957,1172700363228.5461,1172700363228.5461,1.0,302317.73857280245,1.3559318819172921e-30,7.108578948782372e+27,0.9083502919218385,0.1,752.891598986205
MgB2,1.1,0.0,mcmillan,37.26274600008598,11.228351637906005,38.34306976608404,3.414844048581534,430138.21159201063,153921.40561576624,2077274.5375991124,4317866979464.06,1177788822609.8777,1177788822609.8777,1.0,302872.9748330661,1.353446144958744e-30,7.134714135440196e+27,0.9103525889943432,0.1,753.5826615654046
MgB2,1.12,0.0,mcmillan,37.43583513476131,11.196592410433864,38.239576965968915,3.4152870412907297,432525.7439530758,154767.3048581391,2089075.663888818,4353584680517.209,1182711554520.2893,1182711554520.2893,1.0,303419.19862846966,1.3510096330520636e-30,7.160471896382212e+27,0.9123231017444223,0.1,754.2618891528198
MgB2,1.14,0.0,mcmillan,37.60627007946899,11.165593611871865,38.138187965093074,3.415688345001423,434879.6023662329,155601.86311334142,2100691.478009339,4388914259569.739,1187476457565.4358,1187476457565.4358,1.0,303956.7133272437,1.3486205180757842e-30,7.185864278187793e+27,0.9142628889894987,0.1,754.9296904272489
MgB2,1.16,0.0,mcmillan,37.77413577893443,11.135323908491381,38.03882419674006,3.416050086134726,437200.82337585016,156425.42482616962,2112127.828621734,4423866376809.223,1192090934530.774,1192090934530.774,1.0,304485.80698228924,1.346277070391802e-30,7.210902739728793e+27,0.9161729564526777,0.1,755.586453089117
MgB2,1.18,0.0,mcmillan,37.939513075056574,11.105753776647724,37.94141131966428,3.416374258129547,439490.39470397757,157238.31828830708,2123390.2871676036,4458451225422.005,1196561930777.3367,1196561930777.3367,1.0,305006.7533532125,1.3439776519482187e-30,7.235598190416354e+27,0.9180542602883167,0.1,756.2325452777561
MgB2,1.2,0.0,mcmillan,38.10247897000405,11.07685536933938,37.84587892371299,3.416662731597091,441749.2583238229,158040.85665434488,2134484.1653095093,4492678559474.975,1200895969121.6326,1200895969121.6326,1.0,305519.8128441073,1.3417207099729552e-30,7.259961025356537e+27,0.9199077103181027,0.1,756.8683168707098
MgB2,1.22,0.0,mcmillan,38.26310686840271,11.04860239465899,37.75216026047889,3.4169172635562193,443978.3132925018,158833.33887815688,2145414.531010556,4526557719702.622,1205099181569.3105,1205099181569.3105,1.0,306025.23336531053,1.3395047711986052e-30,7.284001157711659e+27,0.9217341730058036,0.1,757.49410067667
MgB2,1.24,0.0,mcmillan,38.42146680058789,11.020970004899185,37.66019199648311,3.417139505845847,446178.4183655117,159616.05057706923,2156186.2233794294,4560097657388.218,1209177338228.6272,1209177338228.6272,1.0,306523.2511264315,1.3373284365658762e-30,7.30772804853135e+27,0.923534474195706,0.1,758.1102135323458
MgB2,1.26,0.0,mcmillan,38.57762562867846,10.993934695223407,37.56991398667393,3.4173310127990053,448350.39441294,160389.26483045568,2166803.866393404,4593306956507.839,1213135873691.6633,1213135873691.6633,1.0,307014.0913671487,1.335190376358936e-30,7.331150734288572e+27,0.9253094016370013,0.1,758.7169573124116
MgB2,1.28,0.0,mcmillan,38.73164723704333,10.96747421093814,37.48126906627567,3.4174932482535185,450495.02665532246,161153.24291869212,2177271.8816002817,4626193854289.047,1216979911138.2988,1216979911138.2988,1.0,307497.9690315623,1.333089325731204e-30,7.354277852330548e+27,0.9270597073139585,0.1,759.3146198606867
MgB2,1.3,0.0,mcmillan,38.88359270856426,10.941567462514085,37.39420285923985,3.417627591965479,452613.0667351784,161908.2350077796,2187594.4998894986,4658766260320.266,1220714284388.9614,1220714284388.9614,1.0,307975.0893912696,1.3310240805846825e-30,7.377117664432485e+27,0.9287861095996129,0.1,759.9034758498151
MgB2,1.32,0.0,mcmillan,39.03352048795363,10.91619444759978,37.30866360174142,3.417735345484318,454705.2346386108,162654.4807843986,2197775.7724135453,4691031774333.515,1224343558106.9575,1224343558106.9575,1.0,308445.6486217879,1.3289934937699233e-30,7.399678078622313e+27,0.9304892952488257,0.1,760.4837875759432
MgB2,1.34,0.0,mcmillan,39.181486533257264,10.8913361793553,37.22460197933023,3.417817737541703,456772.2204799047,163392.2100456758,2207819.580732694,4722997702771.069,1227872046329.079,1227872046329.079,1.0,308909.8343364656,1.3269964715772413e-30,7.421966669427538e+27,0.9321699212449359,0.1,761.0558056942165
MgB2,1.36,0.0,mcmillan,39.32754445655806,10.866974620507579,37.14197097649445,3.4178759290007075,458814.68616076023,164121.64324751592,2217729.6462486684,4754671074235.853,1231303829483.686,1231303829483.686,1.0,309367.8260816028,1.3250319704928646e-30,7.443990696679978e+27,0.9338286165127716,0.1,761.6197699003127
MgB2,1.38,0.0,mcmillan,39.47174565479617,10.84309262259314,37.06072573752305,3.4179110174067597,460833.2669146678,164842.9920149736,2227509.538986668,4786058653915.978,1234642770038.463,1234642770038.463,1.0,309819.79579612386,1.323098994196447e-30,7.465757123000701e+27,0.9354659835095012,0.1,762.175909562702
MgB2,1.4,0.0,mcmillan,39.61413943153061,10.819673869911393,36.98082343766835,3.4179240411773333,462828.57274589076,165556.4596177984,2237162.6857791874,4817166957065.073,1237892526904.89,1237892526904.89,1.0,310265.90823881404,1.3211965907787705e-30,7.487272630075481e+27,0.9370825997036739,0.1,762.7244443098546
MgB2,1.42,0.0,mcmillan,39.754773110389216,10.796702827761091,36.9022231637108,3.4179159834635553,464801.18977164896,166262.24141399426,2246692.37790025,4848002261612.882,1241056568713.2751,1241056568713.2751,1.0,310706.3213858384,1.3193238501605966e-30,7.508543633820438e+27,0.9386790189517797,0.1,763.2655845761991
MgB2,1.44,0.0,mcmillan,39.8936921408813,10.774164694577218,36.82488580311834,3.417887775713397,466751.6814752555,166960.52526395832,2256101.77819392,4878570619973.331,1244138186060.3828,1244138186060.3828,1.0,311141.18680099444,1.317479901695515e-30,7.529576298527991e+27,0.9402557727807718,0.1,763.7995321102682
MgB2,1.46,0.0,mcmillan,40.03094019718479,10.752045357624464,36.74877394107169,3.4178403009630616,468680.5898772617,167651.4919175312,2265393.927736979,4908877870111.576,1247140502821.3035,1247140502821.3035,1.0,311570.6499809222,1.3156639119413206e-30,7.55037655007489e+27,0.9418133715841744,0.1,764.3264804481322
MgB2,1.48,0.0,mcmillan,40.16655927046367,10.730331351937792,36.67385176469823,3.417774396880604,470588.4366310133,168335.31537607557,2274571.752072099,4938929645925.914,1250066486608.029,1250066486608.029,1.0,311994.85067728144,1.3138750825859362e-30,7.57095008826638e+27,0.94335230573871,0.1,764.8466153549368
MgB2,1.5,0.0,mcmillan,40.30058975521901,10.709009822231879,36.60008497391968,3.417690858583208,472475.7240484306,169012.1632315061,2283638.067044356,4968731386995.484,1252918958448.923,1252918958448.923,1.0,312413.92319772317,1.3121126485152357e-30,7.59130239838389e+27,0.9448730466477109,0.1,765.3601152370895
H3S,0.8,0.0,mcmillan,167.86963571151244,2.0143902752211473,8.75643897664329,4.346942637856994,10498802.554318195,3363495.4046971463,64541443.646214485,461487940251556.7,541588893563.4528,541588893563.4528,1.0,292073.43153087643,9.356602734032318e-31,9.457416090031758e+28,1.8914832180063517,0.1,1466.899152814393
H3S,0.82,0.0,mcmillan,169.0405166532476,2.0063736547155244,8.716529620939605,4.34441989429705,10589013.0352253,3393365.486115312,65058234.647402056,467584370707445.6,539540534884.9078,539540534884.9078,1.0,292940.1617378371,9.328919093195889e-31,9.515978740065267e+28,1.9031957480130537,0.1,1470.5257857727768
H3S,0.84,0.0,mcmillan,170.18599341419784,1.9986404186967188,8.677757410228823,4.341830240723065,10677479.31526861,3422719.474244158,65562661.56567618,473597441175333.9,537563381973.1217,537563381973.1217,1.0,293788.4845757472,9.301981566589961e-31,9.573479717381594e+28,1.914695943476319,0.1,1474.0736659142574
H3S,0.86,0.0,mcmillan,171.3071851150276,1.991173945663184,8.640064001703255,4.339180924158576,10764274.132036047,3451578.069699414,66055275.12798946,479530133614503.7,535653315507.45703,535653315507.45703,1.0,294619.2155756651,9.275752983933085e-31,9.629962874017584e+28,1.9259925748035172,0.1,1477.5463186320753
H3S,0.88,0.0,mcmillan,172.4051375077751,1.9839589553013637,8.60339531591964,4.33647848053025,10849465.62202504,3479960.6866844394,66536590.295762,485385259146778.25,533806544532.6763,533806544532.6763,1.0,295433.11618955043,9.250198837718046e-31,9.685469281169011e+28,1.9370938562338025,0.1,1480.9470339766654
H3S,0.9,0.0,mcmillan,173.4808293000858,1.9769813721821032,8.567701136608552,4.3337288136164425,10933117.706897477,3507885.5600698083,67007089.29637844,491165471383981.6,532019573457.0143,532019573457.0143,1.0,296230.898512982,9.225287036963961e-31,9.740037464252967e+28,1.9480074928505935,0.1,1484.2788873093216
H3S,0.92,0.0,mcmillan,174.5351778091229,1.9702282060291536,8.532934756005174,4.33093726396429,11015290.439642228,3535369.841397897,67467224.3397002,496873278450389.9,530289173021.23694,530289173021.23694,1.0,297013.2295005393,9.200987688647845e-31,9.793703613355593e+28,1.9587407226711187,0.1,1487.544757728559
H3S,0.94,0.0,mcmillan,175.56904402893224,1.9636874462291738,8.499052659657183,4.328108669217053,11096040.315570122,3562429.685171975,67917420.05813283,502511053852893.25,528612354685.69055,528612354685.69055,1.0,297780.73473810486,9.177272903176505e-31,9.846501772118185e+28,1.9693003544236372,0.1,1490.7473445521648
H3S,0.96,0.0,mcmillan,176.58323718304237,1.9573479686228454,8.46601424557823,4.325247417062365,11175420.552371433,3589080.3265973483,68358075.70338966,508081046330930.3,526986347969.3604,526986347969.3604,1.0,298534.0018270219,9.154116620804426e-31,9.89846400767953e+28,1.979692801535906,0.1,1493.889182096776
H3S,0.98,0.0,mcmillan,177.57851882400897,1.951199452921708,8.433781573374414,4.322357491821632,11253481.34288093,3615336.1517804284,68789567.12853786,513585388800717.5,525408580346.79456,525408580346.79456,1.0,299273.58342723764,9.131494456357284e-31,9.94962056392688e+28,1.9899241127853762,0.1,1496.9726529623545
H3S,1.0,0.0,mcmillan,178.55560653313262,1.945232309347547,8.402319139604858,4.319442515543602,11330270.083702125,3641210.7612553723,69212248.5800675,519026106493436.56,523876659368.2632,523876659368.2632,1.0,300000.0,9.10938356e-31,1e+29,2.0,0.1,1500.0
H3S,1.02,0.0,mcmillan,179.51517726640313,1.9394376133007782,8.371593676168535,4.316505784334411,11405831.58242356,3666717.0275923223,69626454.32145384,524405124374330.44,522388356718.0638,522388356718.0638,1.0,300713.74228514225,9.087762492106844e-31,1.0049629315732037e+29,2.0099258631464076,0.1,1502.9733371171178
H3S,1.04,0.0,mcmillan,180.45787038663715,1.9338070470390518,8.341573968956455,4.313550300547645,11480208.245804088,3691867.147743039,70032500.10690165,529724273918785.7,520941593967.27057,520941593967.27057,1.0,301415.2735433018,9.066611110559395e-31,1.0098534065489687e+29,2.0197068130979376,0.1,1505.8946590533008
H3S,1.06,0.0,mcmillan,181.38429041659126,1.9283328474936339,8.312230694385423,4.310578801366845,11553440.251000382,3716672.6906959703,70430684.5215815,534985299312165.2,519534429811.9252,519534429811.9252,1.0,302105.03158943733,9.045910469024934e-31,1.0146738461686592e+29,2.0293476923373186,0.1,1508.7658502427396
H3S,1.08,0.0,mcmillan,182.29500954340764,1.9230077594740702,8.283536271749387,4.307593784236668,11625565.701649865,3741144.640941014,70821290.20263267,540189863132107.94,518165048616.8736,518165048616.8736,1.0,302783.4306406128,9.025642724960403e-31,1.0194265469082735e+29,2.038853093816547,0.1,1511.5886928640123
H3S,1.1,0.0,mcmillan,183.19056990095373,1.9178249936153446,8.255464729595998,4.304597529534431,11696620.770398887,3765293.43818269,71204584.9534529,545339551565075.25,516831750110.12085,516831750110.12085,1.0,303450.8629981144,9.005791056250782e-31,1.024113689084445e+29,2.0482273781688902,0.1,1514.3648741653305
H3S,1.12,0.0,mcmillan,184.0714856533569,1.9127781885094273,8.227991584567725,4.301592120819592,11766639.82927385,3789129.0136874053,71580822.76228821,550435879202918.8,515532940093.4652,515532940093.4652,1.0,304107.7005814741,8.986339585530642e-31,1.0287373447220802e+29,2.0574746894441605,0.1,1517.0959931423483
H3S,1.14,0.0,mcmillan,184.9382449002276,1.9078613765375896,8.201093731345088,4.2985794629526675,11835655.569126755,3812660.823604696,71950244.7348295,555480293460018.06,514267122052.9441,514267122052.9441,1.0,304754.2963298329,8.96727331135735e-31,1.0332994847589593e+29,2.0665989695179188,0.1,1519.7835666362184
H3S,1.16,0.0,mcmillan,185.79131142163257,1.903068952983247,8.174749342499494,4.295561298335919,11903699.109242862,3835897.879562697,72313079.94939108,560474178646992.94,513032889567.7637,513032889567.7637,1.0,305390.9854842259,8.948578045507358e-31,1.0378019856537665e+29,2.075603971307533,0.1,1522.4290349114463
H3S,1.18,0.0,mcmillan,186.63112627877777,1.8983956480592017,8.148937777209499,4.292539221494978,11970800.098073456,3858848.7768036854,72669546.24226679,565418859733038.1,511828919429.3288,511828919429.3288,1.0,306018.08676277223,8.930240355755512e-31,1.042246635456321e+29,2.0844932709126422,0.1,1525.0337667660624
H3S,1.2,0.0,mcmillan,187.4581092845314,1.8938365015295697,8.123639497920424,4.289514692191914,12036986.805947747,3881521.72009551,73019850.92999893,570315605825437.4,510653965393.10547,510653965393.10547,1.0,306635.90343936754,8.912247513573932e-31,1.0466351393921056e+29,2.0932702787842112,0.1,1527.5990642205363
H3S,1.22,0.0,mcmillan,188.2726603563243,1.8893868396464537,8.098835994136401,4.286489047236019,12102286.210523218,3903924.5476286584,73364191.47455096,575165633391785.2,509506852495.5902,509506852495.5902,1.0,307244.72433526785,8.894587446253203e-31,1.0509691250073554e+29,2.101938250014711,0.1,1530.1261668265527
H3S,1.24,0.0,mcmillan,189.07516076257707,1.8850422541557206,8.074509712628538,4.283463511137568,12166724.075650953,3926064.753085802,73702756.09672134,579970109247765.8,508386471876.88916,508386471876.88916,1.0,307844.824731902,8.8772486930062e-31,1.0552501469158884e+29,2.110500293831777,0.1,1532.6162556321574
H3S,1.26,0.0,mcmillan,189.86597427258434,1.8807985831558662,8.050643993425071,4.280439205731736,12230325.024259476,3947949.5060506244,74035724.34256011,584730153330976.9,507291776056.53595,507291776056.53595,1.0,308436.46721233375,8.860220364664844e-31,1.0594796911843957e+29,2.1189593823687916,0.1,1535.0704568357435
H3S,1.28,0.0,mcmillan,190.64544821872076,1.8766518936195686,8.027223011021153,4.277417158884352,12293112.60579675,3969585.670905063,74363267.60704654,589446841279195.4,506221774616.3397,506221774616.3397,1.0,309019.90243798617,8.843492106623842e-31,1.0636591793889977e+29,2.1273183587779956,0.1,1537.4898451578115
H3S,1.3,0.0,mcmillan,191.4139144788968,1.8725984654097356,8.004231720308333,4.27439831237764,12355109.35871414,3990979.824348726,74685549.61884393,594121206829670.5,505175530249.40424,505175530249.40424,1.0,309595.3698665376,8.82705406472351e-31,1.0677899723724408e+29,2.1355799447448818,0.1,1539.875446956348
H3S,1.32,0.0,mcmillan,192.17169038636547,1.8686347766412226,7.981655806778708,4.271383529062503,12416336.868425984,4012138.271660402,75002726.88955404,598754244054360.0,504152155139.1309,504152155139.1309,1.0,310163.0984162752,8.81089685379736e-31,1.0718733737282617e+29,2.1437467474565235,0.1,1542.2282431089395
H3S,1.34,0.0,mcmillan,192.91907957325185,1.8647574902562423,7.9594816406066204,4.268373599353599,12476815.821134897,4033067.0618095794,75314949.13054678,603346909444604.8,503150807636.0833,503150807636.0833,1.0,310723.3070816453,8.7950115286393e-31,1.07591063303558e+29,2.15182126607116,0.1,1544.549171682328
H3S,1.36,0.0,mcmillan,193.6563727535358,1.8609634416961844,7.937696234253078,4.26536924713482,12536566.053873977,4053772.001515159,75622359.64013647,607900123857431.0,502170689204.14465,502170689204.14465,1.0,311276.20550425723,8.779389557171353e-31,1.0799029488658042e+29,2.1598058977316086,0.1,1546.839130408014
H3S,1.38,0.0,mcmillan,194.38384845064348,1.857249627565488,7.916287203275213,4.262371135134918,12595606.601082621,4074258.668339,75925095.66360073,612414774334530.2,501211041610.5239,501211041610.5239,1.0,311821.99450316705,8.764022795615347e-31,1.0838514715804343e+29,2.1677029431608688,0.1,1549.0989789806192
H3S,1.4,0.0,mcmillan,195.10177367429955,1.8536131951944916,7.895242730055901,4.25937986982634,12653955.738001898,4094532.4228935097,76223288.72829679,616891715803927.6,500271144336.90106,500271144336.90106,1.0,312360.86656789127,8.748903465492294e-31,1.087757305937277e+29,2.1755146118745543,0.1,1551.3295411940703
H3S,1.42,0.0,mcmillan,195.8104045508421,1.8500514330181124,7.874551530197655,4.256396005894481,12711631.02114845,4114598.4202349735,76517064.95591728,621331772673454.2,499350312191.39923,499350312191.39923,1.0,312893.0063172599,8.734024132290909e-31,1.091621513520734e+29,2.183243027041468,0.1,1553.531606929192
H3S,1.44,0.0,mcmillan,196.50998691079752,1.8465617616959982,7.85420282135062,4.253420050319264,12768649.32610107,4134461.620507537,76806545.35372896,625735740324285.9,498447893103.2179,498447893103.2179,1.0,313418.5909269239,8.71937768566249e-31,1.095445115010332e+29,2.1908902300206643,0.1,1555.7059340049723
H3S,1.46,0.0,mcmillan,197.2007568371581,1.843141725907471,7.834186294267243,4.250452466106523,12825026.882812822,4154126.7988968156,77091846.08647238,630104386512102.1,497563266083.609,497563266083.609,1.0,313937.79052805813,8.704957321013429e-31,1.0992290923003526e+29,2.1984581846007054,0.1,1557.8532499046107
H3S,1.48,0.0,mcmillan,197.88294117748524,1.83978898676143,7.8144920858964655,4.247493675702598,12880779.308641735,4173598.5549466824,77373078.7304427,634438452682736.8,496695839338.5546,496695839338.5546,1.0,314450.76857957,8.690756522379039e-31,1.1029743904822286e+29,2.2059487809644573,0.1,1559.9742533864073
H3S,1.5,0.0,mcmillan,198.5567580226717,1.8365013147674238,7.795110754348302,4.244544064121992,12935921.639276005,4192881.3212880087,77650350.51113546,638738655208609.6,495845048519.9653,495845048519.9653,1.0,314957.68221590365,8.676769046473532e-31,1.1066819197003214e+29,2.213363839400643,0.1,1562.0696159886159
