theta_rad,Req_Ohm,Q_gain
0.0,1.76,1.1363636363636365
0.004363323129985824,1.76,1.1363636363636365
0.008726646259971648,1.76,1.1363636363636365
0.013089969389957472,1.76,1.1363636363636365
0.017453292519943295,1.76,1.1363636363636365
0.02181661564992912,1.76,1.1363636363636365
0.026179938779914945,1.76,1.1363636363636365
0.030543261909900768,1.76,1.1363636363636365
0.03490658503988659,1.76,1.1363636363636365
0.039269908169872414,1.76,1.1363636363636365
0.04363323129985824,1.76,1.1363636363636365
0.04799655442984406,1.76,1.1363636363636365
0.05235987755982989,1.76,1.1363636363636365
0.05672320068981571,1.76,1.1363636363636365
0.061086523819801536,1.76,1.1363636363636365
0.06544984694978735,1.76,1.1363636363636365
0.06981317007977318,1.76,1.1363636363636365
0.07417649320975901,1.76,1.1363636363636365
0.07853981633974483,1.76,1.1363636363636365
0.08290313946973066,1.76,1.1363636363636365
0.08726646259971647,1.76,1.1363636363636365
0.0916297857297023,1.76,1.1363636363636365
0.09599310885968812,1.76,1.1363636363636365
0.10035643198967395,1.76,1.1363636363636365
0.10471975511965978,1.76,1.1363636363636365
0.1090830782496456,1.76,1.1363636363636365
0.11344640137963143,1.76,1.1363636363636365
0.11780972450961724,1.76,1.1363636363636365
0.12217304763960307,1.76,1.1363636363636365
0.1265363707695889,1.76,1.1363636363636365
0.1308996938995747,1.76,1.1363636363636365
0.13526301702956053,1.76,1.1363636363636365
0.13962634015954636,1.76,1.1363636363636365
0.1439896632895322,1.76,1.1363636363636365
0.14835298641951802,1.76,1.1363636363636365
0.15271630954950383,1.76,1.1363636363636365
0.15707963267948966,1.76,1.1363636363636365
0.16144295580947549,1.76,1.1363636363636365
0.16580627893946132,1.76,1.1363636363636365
0.17016960206944712,1.76,1.1363636363636365
0.17453292519943295,1.76,1.1363636363636365
0.17889624832941878,1.76,1.1363636363636365
0.1832595714594046,1.76,1.1363636363636365
0.18762289458939044,1.76,1.1363636363636365
0.19198621771937624,1.76,1.1363636363636365
0.19634954084936207,1.76,1.1363636363636365
0.2007128639793479,1.76,1.1363636363636365
0.20507618710933373,1.76,1.1363636363636365
0.20943951023931956,1.76,1.1363636363636365
0.21380283336930536,1.76,1.1363636363636365
0.2181661564992912,1.76,1.1363636363636365
0.22252947962927702,1.76,1.1363636363636365
0.22689280275926285,1.76,1.1363636363636365
0.23125612588924865,1.76,1.1363636363636365
0.23561944901923448,1.76,1.1363636363636365
0.2399827721492203,1.76,1.1363636363636365
0.24434609527920614,1.76,1.1363636363636365
0.24870941840919197,1.76,1.1363636363636365
0.2530727415391778,1.76,1.1363636363636365
0.25743606466916363,1.76,1.1363636363636365
0.2617993877991494,1.76,1.1363636363636365
0.26616271092913524,1.76,1.1363636363636365
0.27052603405912107,1.76,1.1363636363636365
0.2748893571891069,1.76,1.1363636363636365
0.2792526803190927,1.76,1.1363636363636365
0.28361600344907856,1.76,1.1363636363636365
0.2879793265790644,1.76,1.1363636363636365
0.2923426497090502,1.76,1.1363636363636365
0.29670597283903605,1.76,1.1363636363636365
0.3010692959690218,1.76,1.1363636363636365
0.30543261909900765,1.76,1.1363636363636365
0.3097959422289935,1.76,1.1363636363636365
0.3141592653589793,1.76,1.1363636363636365
0.31852258848896514,1.76,1.1363636363636365
0.32288591161895097,1.76,1.1363636363636365
0.3272492347489368,1.76,1.1363636363636365
0.33161255787892263,1.76,1.1363636363636365
0.33597588100890846,1.76,1.1363636363636365
0.34033920413889424,1.76,1.1363636363636365
0.34470252726888007,1.76,1.1363636363636365
0.3490658503988659,1.76,1.1363636363636365
0.3534291735288517,1.76,1.1363636363636365
0.35779249665883756,1.76,1.1363636363636365
0.3621558197888234,1.76,1.1363636363636365
0.3665191429188092,1.76,1.1363636363636365
0.37088246604879505,1.76,1.1363636363636365
0.3752457891787809,1.76,1.1363636363636365
0.37960911230876665,1.76,1.1363636363636365
0.3839724354387525,1.76,1.1363636363636365
0.3883357585687383,1.76,1.1363636363636365
0.39269908169872414,1.76,1.1363636363636365
0.39706240482870997,1.76,1.1363636363636365
0.4014257279586958,1.76,1.1363636363636365
0.40578905108868163,1.76,1.1363636363636365
0.41015237421866746,1.76,1.1363636363636365
0.4145156973486533,1.76,1.1363636363636365
0.4188790204786391,1.76,1.1363636363636365
0.4232423436086249,1.76,1.1363636363636365
0.4276056667386107,1.76,1.1363636363636365
0.43196898986859655,1.76,1.1363636363636365
0.4363323129985824,1.76,1.1363636363636365
0.4406956361285682,1.76,1.1363636363636365
0.44505895925855404,1.76,1.1363636363636365
0.4494222823885399,1.76,1.1363636363636365
0.4537856055185257,1.76,1.1363636363636365
0.45814892864851153,1.76,1.1363636363636365
0.4625122517784973,1.76,1.1363636363636365
0.46687557490848314,1.76,1.1363636363636365
0.47123889803846897,1.76,1.1363636363636365
0.4756022211684548,1.76,1.1363636363636365
0.4799655442984406,1.76,1.1363636363636365
0.48432886742842646,1.76,1.1363636363636365
0.4886921905584123,1.76,1.1363636363636365
0.4930555136883981,1.76,1.1363636363636365
0.49741883681838395,1.76,1.1363636363636365
0.5017821599483697,1.76,1.1363636363636365
0.5061454830783556,1.76,1.1363636363636365
0.5105088062083414,1.76,1.1363636363636365
0.5148721293383273,1.76,1.1363636363636365
0.519235452468313,1.76,1.1363636363636365
0.5235987755982988,1.76,1.1363636363636365
0.5279620987282847,1.76,1.1363636363636365
0.5323254218582705,1.76,1.1363636363636365
0.5366887449882564,1.76,1.1363636363636365
0.5410520681182421,1.76,1.1363636363636365
0.545415391248228,1.76,1.1363636363636365
0.5497787143782138,1.76,1.1363636363636365
0.5541420375081997,1.76,1.1363636363636365
0.5585053606381855,1.76,1.1363636363636365
0.5628686837681712,1.76,1.1363636363636365
0.5672320068981571,1.76,1.1363636363636365
0.5715953300281429,1.76,1.1363636363636365
0.5759586531581288,1.76,1.1363636363636365
0.5803219762881145,1.76,1.1363636363636365
0.5846852994181004,1.76,1.1363636363636365
0.5890486225480862,1.76,1.1363636363636365
0.5934119456780721,1.76,1.1363636363636365
0.5977752688080579,1.76,1.1363636363636365
0.6021385919380436,1.76,1.1363636363636365
0.6065019150680295,1.76,1.1363636363636365
0.6108652381980153,1.76,1.1363636363636365
0.6152285613280012,1.76,1.1363636363636365
0.619591884457987,1.76,1.1363636363636365
0.6239552075879728,1.76,1.1363636363636365
0.6283185307179586,1.76,1.1363636363636365
0.6326818538479445,1.76,1.1363636363636365
0.6370451769779303,1.76,1.1363636363636365
0.6414085001079161,1.76,1.1363636363636365
0.6457718232379019,1.76,1.1363636363636365
0.6501351463678877,1.76,1.1363636363636365
0.6544984694978736,1.76,1.1363636363636365
0.6588617926278594,1.76,1.1363636363636365
0.6632251157578453,1.76,1.1363636363636365
0.667588438887831,1.76,1.1363636363636365
0.6719517620178169,1.76,1.1363636363636365
0.6763150851478027,1.76,1.1363636363636365
0.6806784082777885,1.76,1.1363636363636365
0.6850417314077744,1.76,1.1363636363636365
0.6894050545377601,1.76,1.1363636363636365
0.693768377667746,1.76,1.1363636363636365
0.6981317007977318,1.76,1.1363636363636365
0.7024950239277177,1.76,1.1363636363636365
0.7068583470577035,1.76,1.1363636363636365
0.7112216701876893,1.76,1.1363636363636365
0.7155849933176751,1.76,1.1363636363636365
0.7199483164476609,1.76,1.1363636363636365
0.7243116395776468,1.76,1.1363636363636365
0.7286749627076325,1.76,1.1363636363636365
0.7330382858376184,1.76,1.1363636363636365
0.7374016089676042,1.76,1.1363636363636365
0.7417649320975901,1.76,1.1363636363636365
0.7461282552275759,1.76,1.1363636363636365
0.7504915783575618,1.76,1.1363636363636365
0.7548549014875475,1.76,1.1363636363636365
0.7592182246175333,1.76,1.1363636363636365
0.7635815477475192,1.76,1.1363636363636365
0.767944870877505,1.76,1.1363636363636365
0.7723081940074908,1.76,1.1363636363636365
0.7766715171374766,1.76,1.1363636363636365
0.7810348402674625,1.76,1.1363636363636365
0.7853981633974483,1.76,1.1363636363636365
0.7897614865274342,1.76,1.1363636363636365
0.7941248096574199,1.76,1.1363636363636365
0.7984881327874057,1.76,1.1363636363636365
0.8028514559173916,1.76,1.1363636363636365
0.8072147790473774,1.76,1.1363636363636365
0.8115781021773633,1.76,1.1363636363636365
0.815941425307349,1.76,1.1363636363636365
0.8203047484373349,1.76,1.1363636363636365
0.8246680715673207,1.76,1.1363636363636365
0.8290313946973066,1.76,1.1363636363636365
0.8333947178272924,1.76,1.1363636363636365
0.8377580409572782,1.76,1.1363636363636365
0.842121364087264,1.76,1.1363636363636365
0.8464846872172498,1.76,1.1363636363636365
0.8508480103472357,1.76,1.1363636363636365
0.8552113334772214,1.76,1.1363636363636365
0.8595746566072073,1.76,1.1363636363636365
0.8639379797371931,1.76,1.1363636363636365
0.868301302867179,1.76,1.1363636363636365
0.8726646259971648,1.76,1.1363636363636365
0.8770279491271507,1.76,1.1363636363636365
0.8813912722571364,1.76,1.1363636363636365
0.8857545953871222,1.76,1.1363636363636365
0.8901179185171081,1.76,1.1363636363636365
0.8944812416470939,1.76,1.1363636363636365
0.8988445647770797,1.76,1.1363636363636365
0.9032078879070655,1.76,1.1363636363636365
0.9075712110370514,1.76,1.1363636363636365
0.9119345341670372,1.76,1.1363636363636365
0.9162978572970231,1.76,1.1363636363636365
0.9206611804270088,1.76,1.1363636363636365
0.9250245035569946,1.76,1.1363636363636365
0.9293878266869805,1.76,1.1363636363636365
0.9337511498169663,1.76,1.1363636363636365
0.9381144729469522,1.76,1.1363636363636365
0.9424777960769379,1.76,1.1363636363636365
0.9468411192069238,1.76,1.1363636363636365
0.9512044423369096,1.76,1.1363636363636365
0.9555677654668955,1.76,1.1363636363636365
0.9599310885968813,1.76,1.1363636363636365
0.964294411726867,1.76,1.1363636363636365
0.9686577348568529,1.76,1.1363636363636365
0.9730210579868387,1.76,1.1363636363636365
0.9773843811168246,1.76,1.1363636363636365
0.9817477042468103,1.76,1.1363636363636365
0.9861110273767962,1.76,1.1363636363636365
0.990474350506782,1.76,1.1363636363636365
0.9948376736367679,1.76,1.1363636363636365
0.9992009967667537,1.76,1.1363636363636365
1.0035643198967394,1.76,1.1363636363636365
1.0079276430267252,1.76,1.1363636363636365
1.0122909661567112,1.76,1.1363636363636365
1.016654289286697,1.76,1.1363636363636365
1.0210176124166828,1.76,1.1363636363636365
1.0253809355466685,1.76,1.1363636363636365
1.0297442586766545,1.76,1.1363636363636365
1.0341075818066403,1.76,1.1363636363636365
1.038470904936626,1.76,1.1363636363636365
1.0428342280666119,1.76,1.1363636363636365
1.0471975511965976,1.76,1.1363636363636365
1.0515608743265836,1.76,1.1363636363636365
1.0559241974565694,1.76,1.1363636363636365
1.0602875205865552,1.76,1.1363636363636365
1.064650843716541,1.76,1.1363636363636365
1.069014166846527,1.76,1.1363636363636365
1.0733774899765127,1.76,1.1363636363636365
1.0777408131064985,1.76,1.1363636363636365
1.0821041362364843,1.76,1.1363636363636365
1.08646745936647,1.76,1.1363636363636365
1.090830782496456,1.76,1.1363636363636365
1.0951941056264418,1.76,1.1363636363636365
1.0995574287564276,1.76,1.1363636363636365
1.1039207518864134,1.76,1.1363636363636365
1.1082840750163994,1.76,1.1363636363636365
1.1126473981463851,1.76,1.1363636363636365
1.117010721276371,1.76,1.1363636363636365
1.1213740444063567,1.76,1.1363636363636365
1.1257373675363425,1.76,1.1363636363636365
1.1301006906663285,1.76,1.1363636363636365
1.1344640137963142,1.76,1.1363636363636365
1.1388273369263,1.76,1.1363636363636365
1.1431906600562858,1.76,1.1363636363636365
1.1475539831862718,1.76,1.1363636363636365
1.1519173063162575,1.76,1.1363636363636365
1.1562806294462433,1.76,1.1363636363636365
1.160643952576229,1.76,1.1363636363636365
1.1650072757062149,1.76,1.1363636363636365
1.1693705988362009,1.76,1.1363636363636365
1.1737339219661866,1.76,1.1363636363636365
1.1780972450961724,1.76,1.1363636363636365
1.1824605682261582,1.76,1.1363636363636365
1.1868238913561442,1.76,1.1363636363636365
1.19118721448613,1.76,1.1363636363636365
1.1955505376161157,1.76,1.1363636363636365
1.1999138607461015,1.76,1.1363636363636365
1.2042771838760873,1.76,1.1363636363636365
1.2086405070060733,1.76,1.1363636363636365
1.213003830136059,1.76,1.1363636363636365
1.2173671532660448,1.76,1.1363636363636365
1.2217304763960306,1.76,1.1363636363636365
1.2260937995260166,1.76,1.1363636363636365
1.2304571226560024,1.76,1.1363636363636365
1.2348204457859882,1.76,1.1363636363636365
1.239183768915974,1.76,1.1363636363636365
1.2435470920459597,1.76,1.1363636363636365
1.2479104151759457,1.76,1.1363636363636365
1.2522737383059315,1.76,1.1363636363636365
1.2566370614359172,1.76,1.1363636363636365
1.261000384565903,1.76,1.1363636363636365
1.265363707695889,1.76,1.1363636363636365
1.2697270308258748,1.76,1.1363636363636365
1.2740903539558606,1.76,1.1363636363636365
1.2784536770858463,1.76,1.1363636363636365
1.2828170002158321,1.76,1.1363636363636365
1.2871803233458181,1.76,1.1363636363636365
1.2915436464758039,1.76,1.1363636363636365
1.2959069696057897,1.76,1.1363636363636365
1.3002702927357754,1.76,1.1363636363636365
1.3046336158657614,1.76,1.1363636363636365
1.3089969389957472,1.76,1.1363636363636365
1.313360262125733,1.76,1.1363636363636365
1.3177235852557188,1.76,1.1363636363636365
1.3220869083857045,1.76,1.1363636363636365
1.3264502315156905,1.76,1.1363636363636365
1.3308135546456763,1.76,1.1363636363636365
1.335176877775662,1.76,1.1363636363636365
1.3395402009056478,1.76,1.1363636363636365
1.3439035240356338,1.76,1.1363636363636365
1.3482668471656196,1.76,1.1363636363636365
1.3526301702956054,1.76,1.1363636363636365
1.3569934934255912,1.76,1.1363636363636365
1.361356816555577,1.76,1.1363636363636365
1.365720139685563,1.76,1.1363636363636365
1.3700834628155487,1.76,1.1363636363636365
1.3744467859455345,1.76,1.1363636363636365
1.3788101090755203,1.76,1.1363636363636365
1.3831734322055063,1.76,1.1363636363636365
1.387536755335492,1.76,1.1363636363636365
1.3919000784654778,1.76,1.1363636363636365
1.3962634015954636,1.76,1.1363636363636365
1.4006267247254494,1.76,1.1363636363636365
1.4049900478554354,1.76,1.1363636363636365
1.4093533709854211,1.76,1.1363636363636365
1.413716694115407,1.76,1.1363636363636365
1.4180800172453927,1.76,1.1363636363636365
1.4224433403753787,1.76,1.1363636363636365
1.4268066635053644,1.76,1.1363636363636365
1.4311699866353502,1.76,1.1363636363636365
1.435533309765336,1.76,1.1363636363636365
1.4398966328953218,1.76,1.1363636363636365
1.4442599560253078,1.76,1.1363636363636365
1.4486232791552935,1.76,1.1363636363636365
1.4529866022852793,1.76,1.1363636363636365
1.457349925415265,1.76,1.1363636363636365
1.461713248545251,1.76,1.1363636363636365
1.4660765716752369,1.76,1.1363636363636365
1.4704398948052226,1.76,1.1363636363636365
1.4748032179352084,1.76,1.1363636363636365
1.4791665410651942,1.76,1.1363636363636365
1.4835298641951802,1.76,1.1363636363636365
1.487893187325166,1.76,1.1363636363636365
1.4922565104551517,1.76,1.1363636363636365
1.4966198335851375,1.76,1.1363636363636365
1.5009831567151235,1.76,1.1363636363636365
1.5053464798451093,1.76,1.1363636363636365
1.509709802975095,1.76,1.1363636363636365
1.5140731261050808,1.76,1.1363636363636365
1.5184364492350666,1.76,1.1363636363636365
1.5227997723650526,1.76,1.1363636363636365
1.5271630954950384,1.76,1.1363636363636365
1.5315264186250241,1.76,1.1363636363636365
1.53588974175501,1.76,1.1363636363636365
1.540253064884996,1.76,1.1363636363636365
1.5446163880149817,1.76,1.1363636363636365
1.5489797111449675,1.76,1.1363636363636365
1.5533430342749532,1.76,1.1363636363636365
1.557706357404939,1.76,1.1363636363636365
1.562069680534925,1.76,1.1363636363636365
1.5664330036649108,1.76,1.1363636363636365
1.5707963267948966,1.76,1.1363636363636365
1.5751596499248823,1.76,1.1363636363636365
1.5795229730548683,1.76,1.1363636363636365
1.583886296184854,1.76,1.1363636363636365
1.5882496193148399,1.76,1.1363636363636365
1.5926129424448257,1.76,1.1363636363636365
1.5969762655748114,1.76,1.1363636363636365
1.6013395887047974,1.76,1.1363636363636365
1.6057029118347832,1.76,1.1363636363636365
1.610066234964769,1.76,1.1363636363636365
1.6144295580947547,1.76,1.1363636363636365
1.6187928812247407,1.76,1.1363636363636365
1.6231562043547265,1.76,1.1363636363636365
1.6275195274847123,1.76,1.1363636363636365
1.631882850614698,1.76,1.1363636363636365
1.6362461737446838,1.76,1.1363636363636365
1.6406094968746698,1.76,1.1363636363636365
1.6449728200046556,1.76,1.1363636363636365
1.6493361431346414,1.76,1.1363636363636365
1.6536994662646272,1.76,1.1363636363636365
1.6580627893946132,1.76,1.1363636363636365
1.662426112524599,1.76,1.1363636363636365
1.6667894356545847,1.76,1.1363636363636365
1.6711527587845705,1.76,1.1363636363636365
1.6755160819145565,1.76,1.1363636363636365
1.6798794050445423,1.76,1.1363636363636365
1.684242728174528,1.76,1.1363636363636365
1.6886060513045138,1.76,1.1363636363636365
1.6929693744344996,1.76,1.1363636363636365
1.6973326975644856,1.76,1.1363636363636365
1.7016960206944713,1.76,1.1363636363636365
1.7060593438244571,1.76,1.1363636363636365
1.710422666954443,1.76,1.1363636363636365
1.714785990084429,1.76,1.1363636363636365
1.7191493132144147,1.76,1.1363636363636365
1.7235126363444004,1.76,1.1363636363636365
1.7278759594743862,1.76,1.1363636363636365
1.732239282604372,1.76,1.1363636363636365
1.736602605734358,1.76,1.1363636363636365
1.7409659288643438,1.76,1.1363636363636365
1.7453292519943295,1.76,1.1363636363636365
1.7496925751243153,1.76,1.1363636363636365
1.7540558982543013,1.76,1.1363636363636365
1.758419221384287,1.76,1.1363636363636365
1.7627825445142729,1.76,1.1363636363636365
1.7671458676442586,1.76,1.1363636363636365
1.7715091907742444,1.76,1.1363636363636365
1.7758725139042304,1.76,1.1363636363636365
1.7802358370342162,1.76,1.1363636363636365
1.784599160164202,1.76,1.1363636363636365
1.7889624832941877,1.76,1.1363636363636365
1.7933258064241737,1.76,1.1363636363636365
1.7976891295541595,1.76,1.1363636363636365
1.8020524526841453,1.76,1.1363636363636365
1.806415775814131,1.76,1.1363636363636365
1.8107790989441168,1.76,1.1363636363636365
1.8151424220741028,1.76,1.1363636363636365
1.8195057452040886,1.76,1.1363636363636365
1.8238690683340744,1.76,1.1363636363636365
1.8282323914640601,1.76,1.1363636363636365
1.8325957145940461,1.76,1.1363636363636365
1.836959037724032,1.76,1.1363636363636365
1.8413223608540177,1.76,1.1363636363636365
1.8456856839840035,1.76,1.1363636363636365
1.8500490071139892,1.76,1.1363636363636365
1.8544123302439752,1.76,1.1363636363636365
1.858775653373961,1.76,1.1363636363636365
1.8631389765039468,1.76,1.1363636363636365
1.8675022996339325,1.76,1.1363636363636365
1.8718656227639185,1.76,1.1363636363636365
1.8762289458939043,1.76,1.1363636363636365
1.88059226902389,1.76,1.1363636363636365
1.8849555921538759,1.76,1.1363636363636365
1.8893189152838616,1.76,1.1363636363636365
1.8936822384138476,1.76,1.1363636363636365
1.8980455615438334,1.76,1.1363636363636365
1.9024088846738192,1.76,1.1363636363636365
1.906772207803805,1.76,1.1363636363636365
1.911135530933791,1.76,1.1363636363636365
1.9154988540637767,1.76,1.1363636363636365
1.9198621771937625,1.76,1.1363636363636365
1.9242255003237483,1.76,1.1363636363636365
1.928588823453734,1.76,1.1363636363636365
1.93295214658372,1.76,1.1363636363636365
1.9373154697137058,1.76,1.1363636363636365
1.9416787928436916,1.76,1.1363636363636365
1.9460421159736774,1.76,1.1363636363636365
1.9504054391036634,1.76,1.1363636363636365
1.9547687622336491,1.76,1.1363636363636365
1.959132085363635,1.76,1.1363636363636365
1.9634954084936207,1.76,1.1363636363636365
1.9678587316236065,1.76,1.1363636363636365
1.9722220547535925,1.76,1.1363636363636365
1.9765853778835782,1.76,1.1363636363636365
1.980948701013564,1.76,1.1363636363636365
1.9853120241435498,1.76,1.1363636363636365
1.9896753472735358,1.76,1.1363636363636365
1.9940386704035216,1.76,1.1363636363636365
1.9984019935335073,1.76,1.1363636363636365
2.0027653166634933,1.76,1.1363636363636365
2.007128639793479,1.76,1.1363636363636365
2.011491962923465,1.76,1.1363636363636365
2.0158552860534504,1.76,1.1363636363636365
2.0202186091834364,1.76,1.1363636363636365
2.0245819323134224,1.76,1.1363636363636365
2.028945255443408,1.76,1.1363636363636365
2.033308578573394,1.76,1.1363636363636365
2.0376719017033795,1.76,1.1363636363636365
2.0420352248333655,1.76,1.1363636363636365
2.0463985479633515,1.76,1.1363636363636365
2.050761871093337,1.76,1.1363636363636365
2.055125194223323,1.76,1.1363636363636365
2.059488517353309,1.76,1.1363636363636365
2.0638518404832946,1.76,1.1363636363636365
2.0682151636132806,1.76,1.1363636363636365
2.072578486743266,1.76,1.1363636363636365
2.076941809873252,1.76,1.1363636363636365
2.081305133003238,1.76,1.1363636363636365
2.0856684561332237,1.76,1.1363636363636365
2.0900317792632097,1.76,1.1363636363636365
2.0943951023931953,1.76,1.1363636363636365
2.0987584255231813,1.76,1.1363636363636365
2.1031217486531673,1.76,1.1363636363636365
2.107485071783153,1.76,1.1363636363636365
2.111848394913139,1.76,1.1363636363636365
2.1162117180431244,1.76,1.1363636363636365
2.1205750411731104,1.76,1.1363636363636365
2.1249383643030963,1.76,1.1363636363636365
2.129301687433082,1.76,1.1363636363636365
2.133665010563068,1.76,1.1363636363636365
2.138028333693054,1.76,1.1363636363636365
2.1423916568230394,1.76,1.1363636363636365
2.1467549799530254,1.76,1.1363636363636365
2.151118303083011,1.76,1.1363636363636365
2.155481626212997,1.76,1.1363636363636365
2.159844949342983,1.76,1.1363636363636365
2.1642082724729685,1.76,1.1363636363636365
2.1685715956029545,1.76,1.1363636363636365
2.17293491873294,1.76,1.1363636363636365
2.177298241862926,1.76,1.1363636363636365
2.181661564992912,1.76,1.1363636363636365
2.1860248881228976,1.76,1.1363636363636365
2.1903882112528836,1.76,1.1363636363636365
2.194751534382869,1.76,1.1363636363636365
2.199114857512855,1.76,1.1363636363636365
2.203478180642841,1.76,1.1363636363636365
2.2078415037728267,1.76,1.1363636363636365
2.2122048269028127,1.76,1.1363636363636365
2.2165681500327987,1.76,1.1363636363636365
2.2209314731627843,1.76,1.1363636363636365
2.2252947962927703,1.76,1.1363636363636365
2.229658119422756,1.76,1.1363636363636365
2.234021442552742,1.76,1.1363636363636365
2.238384765682728,1.76,1.1363636363636365
2.2427480888127134,1.76,1.1363636363636365
2.2471114119426994,1.76,1.1363636363636365
2.251474735072685,1.76,1.1363636363636365
2.255838058202671,1.76,1.1363636363636365
2.260201381332657,1.76,1.1363636363636365
2.2645647044626425,1.76,1.1363636363636365
2.2689280275926285,1.76,1.1363636363636365
2.2732913507226145,1.76,1.1363636363636365
2.2776546738526,1.76,1.1363636363636365
2.282017996982586,1.76,1.1363636363636365
2.2863813201125716,1.76,1.1363636363636365
2.2907446432425576,1.76,1.1363636363636365
2.2951079663725436,1.76,1.1363636363636365
2.299471289502529,1.76,1.1363636363636365
2.303834612632515,1.76,1.1363636363636365
2.3081979357625007,1.76,1.1363636363636365
2.3125612588924866,1.76,1.1363636363636365
2.3169245820224726,1.76,1.1363636363636365
2.321287905152458,1.76,1.1363636363636365
2.325651228282444,1.76,1.1363636363636365
2.3300145514124297,1.76,1.1363636363636365
2.3343778745424157,1.76,1.1363636363636365
2.3387411976724017,1.76,1.1363636363636365
2.3431045208023873,1.76,1.1363636363636365
2.3474678439323733,1.76,1.1363636363636365
2.3518311670623593,1.76,1.1363636363636365
2.356194490192345,1.76,1.1363636363636365
2.360557813322331,1.76,1.1363636363636365
2.3649211364523164,1.76,1.1363636363636365
2.3692844595823024,1.76,1.1363636363636365
2.3736477827122884,1.76,1.1363636363636365
2.378011105842274,1.76,1.1363636363636365
2.38237442897226,1.76,1.1363636363636365
2.3867377521022455,1.76,1.1363636363636365
2.3911010752322315,1.76,1.1363636363636365
2.3954643983622175,1.76,1.1363636363636365
2.399827721492203,1.76,1.1363636363636365
2.404191044622189,1.76,1.1363636363636365
2.4085543677521746,1.76,1.1363636363636365
2.4129176908821606,1.76,1.1363636363636365
2.4172810140121466,1.76,1.1363636363636365
2.421644337142132,1.76,1.1363636363636365
2.426007660272118,1.76,1.1363636363636365
2.430370983402104,1.76,1.1363636363636365
2.4347343065320897,1.76,1.1363636363636365
2.4390976296620757,1.76,1.1363636363636365
2.443460952792061,1.76,1.1363636363636365
2.447824275922047,1.76,1.1363636363636365
2.452187599052033,1.76,1.1363636363636365
2.4565509221820188,1.76,1.1363636363636365
2.4609142453120048,1.76,1.1363636363636365
2.4652775684419903,1.76,1.1363636363636365
2.4696408915719763,1.76,1.1363636363636365
2.4740042147019623,1.76,1.1363636363636365
2.478367537831948,1.76,1.1363636363636365
2.482730860961934,1.76,1.1363636363636365
2.4870941840919194,1.76,1.1363636363636365
2.4914575072219054,1.76,1.1363636363636365
2.4958208303518914,1.76,1.1363636363636365
2.500184153481877,1.76,1.1363636363636365
2.504547476611863,1.76,1.1363636363636365
2.508910799741849,1.76,1.1363636363636365
2.5132741228718345,1.76,1.1363636363636365
2.5176374460018205,1.76,1.1363636363636365
2.522000769131806,1.76,1.1363636363636365
2.526364092261792,1.76,1.1363636363636365
2.530727415391778,1.76,1.1363636363636365
2.5350907385217636,1.76,1.1363636363636365
2.5394540616517496,1.76,1.1363636363636365
2.543817384781735,1.76,1.1363636363636365
2.548180707911721,1.76,1.1363636363636365
2.552544031041707,1.76,1.1363636363636365
2.5569073541716927,1.76,1.1363636363636365
2.5612706773016787,1.76,1.1363636363636365
2.5656340004316642,1.76,1.1363636363636365
2.5699973235616502,1.76,1.1363636363636365
2.5743606466916362,1.76,1.1363636363636365
2.5787239698216218,1.76,1.1363636363636365
2.5830872929516078,1.76,1.1363636363636365
2.5874506160815938,1.76,1.1363636363636365
2.5918139392115793,1.76,1.1363636363636365
2.5961772623415653,1.76,1.1363636363636365
2.600540585471551,1.76,1.1363636363636365
2.604903908601537,1.76,1.1363636363636365
2.609267231731523,1.76,1.1363636363636365
2.6136305548615084,1.76,1.1363636363636365
2.6179938779914944,1.76,1.1363636363636365
2.62235720112148,1.76,1.1363636363636365
2.626720524251466,1.76,1.1363636363636365
2.631083847381452,1.76,1.1363636363636365
2.6354471705114375,1.76,1.1363636363636365
2.6398104936414235,1.76,1.1363636363636365
2.644173816771409,1.76,1.1363636363636365
2.648537139901395,1.76,1.1363636363636365
2.652900463031381,1.76,1.1363636363636365
2.6572637861613666,1.76,1.1363636363636365
2.6616271092913526,1.76,1.1363636363636365
2.6659904324213386,1.76,1.1363636363636365
2.670353755551324,1.76,1.1363636363636365
2.67471707868131,1.76,1.1363636363636365
2.6790804018112957,1.76,1.1363636363636365
2.6834437249412817,1.76,1.1363636363636365
2.6878070480712677,1.76,1.1363636363636365
2.6921703712012532,1.76,1.1363636363636365
2.6965336943312392,1.76,1.1363636363636365
2.700897017461225,1.76,1.1363636363636365
2.705260340591211,1.76,1.1363636363636365
2.709623663721197,1.76,1.1363636363636365
2.7139869868511823,1.76,1.1363636363636365
2.7183503099811683,1.76,1.1363636363636365
2.722713633111154,1.76,1.1363636363636365
2.72707695624114,1.76,1.1363636363636365
2.731440279371126,1.76,1.1363636363636365
2.7358036025011114,1.76,1.1363636363636365
2.7401669256310974,1.76,1.1363636363636365
2.7445302487610834,1.76,1.1363636363636365
2.748893571891069,1.76,1.1363636363636365
2.753256895021055,1.76,1.1363636363636365
2.7576202181510405,1.76,1.1363636363636365
2.7619835412810265,1.76,1.1363636363636365
2.7663468644110125,1.76,1.1363636363636365
2.770710187540998,1.76,1.1363636363636365
2.775073510670984,1.76,1.1363636363636365
2.7794368338009696,1.76,1.1363636363636365
2.7838001569309556,1.76,1.1363636363636365
2.7881634800609416,1.76,1.1363636363636365
2.792526803190927,1.76,1.1363636363636365
2.796890126320913,1.76,1.1363636363636365
2.8012534494508987,1.76,1.1363636363636365
2.8056167725808847,1.76,1.1363636363636365
2.8099800957108707,1.76,1.1363636363636365
2.8143434188408563,1.76,1.1363636363636365
2.8187067419708423,1.76,1.1363636363636365
2.8230700651008283,1.76,1.1363636363636365
2.827433388230814,1.76,1.1363636363636365
2.8317967113608,1.76,1.1363636363636365
2.8361600344907854,1.76,1.1363636363636365
2.8405233576207713,1.76,1.1363636363636365
2.8448866807507573,1.76,1.1363636363636365
2.849250003880743,1.76,1.1363636363636365
2.853613327010729,1.76,1.1363636363636365
2.8579766501407144,1.76,1.1363636363636365
2.8623399732707004,1.76,1.1363636363636365
2.8667032964006864,1.76,1.1363636363636365
2.871066619530672,1.76,1.1363636363636365
2.875429942660658,1.76,1.1363636363636365
2.8797932657906435,1.76,1.1363636363636365
2.8841565889206295,1.76,1.1363636363636365
2.8885199120506155,1.76,1.1363636363636365
2.892883235180601,1.76,1.1363636363636365
2.897246558310587,1.76,1.1363636363636365
2.901609881440573,1.76,1.1363636363636365
2.9059732045705586,1.76,1.1363636363636365
2.9103365277005446,1.76,1.1363636363636365
2.91469985083053,1.76,1.1363636363636365
2.919063173960516,1.76,1.1363636363636365
2.923426497090502,1.76,1.1363636363636365
2.9277898202204877,1.76,1.1363636363636365
2.9321531433504737,1.76,1.1363636363636365
2.9365164664804593,1.76,1.1363636363636365
2.9408797896104453,1.76,1.1363636363636365
2.9452431127404313,1.76,1.1363636363636365
2.949606435870417,1.76,1.1363636363636365
2.953969759000403,1.76,1.1363636363636365
2.9583330821303884,1.76,1.1363636363636365
2.9626964052603744,1.76,1.1363636363636365
2.9670597283903604,1.76,1.1363636363636365
2.971423051520346,1.76,1.1363636363636365
2.975786374650332,1.76,1.1363636363636365
2.980149697780318,1.76,1.1363636363636365
2.9845130209103035,1.76,1.1363636363636365
2.9888763440402895,1.76,1.1363636363636365
2.993239667170275,1.76,1.1363636363636365
2.997602990300261,1.76,1.1363636363636365
3.001966313430247,1.76,1.1363636363636365
3.0063296365602326,1.76,1.1363636363636365
3.0106929596902186,1.76,1.1363636363636365
3.015056282820204,1.76,1.1363636363636365
3.01941960595019,1.76,1.1363636363636365
3.023782929080176,1.76,1.1363636363636365
3.0281462522101616,1.76,1.1363636363636365
3.0325095753401476,1.76,1.1363636363636365
3.036872898470133,1.76,1.1363636363636365
3.041236221600119,1.76,1.1363636363636365
3.045599544730105,1.76,1.1363636363636365
3.0499628678600907,1.76,1.1363636363636365
3.0543261909900767,1.76,1.1363636363636365
3.0586895141200627,1.76,1.1363636363636365
3.0630528372500483,1.76,1.1363636363636365
3.0674161603800343,1.76,1.1363636363636365
3.07177948351002,1.76,1.1363636363636365
3.076142806640006,1.76,1.1363636363636365
3.080506129769992,1.76,1.1363636363636365
3.0848694528999774,1.76,1.1363636363636365
3.0892327760299634,1.76,1.1363636363636365
3.093596099159949,1.76,1.1363636363636365
3.097959422289935,1.76,1.1363636363636365
3.102322745419921,1.76,1.1363636363636365
3.1066860685499065,1.76,1.1363636363636365
3.1110493916798925,1.76,1.1363636363636365
3.115412714809878,1.76,1.1363636363636365
3.119776037939864,1.76,1.1363636363636365
3.12413936106985,1.76,1.1363636363636365
3.1285026841998356,1.76,1.1363636363636365
3.1328660073298216,1.76,1.1363636363636365
3.1372293304598076,1.76,1.1363636363636365
3.141592653589793,1.76,1.1363636363636365
