D_abs2,f0_Hz,Q
0.0,60.05889671043769,3320.778360912659
0.0001666666666666667,60.058646466598745,3320.764524422633
0.0003333333333333334,60.05839622588781,3320.7506881055606
0.0005,60.05814598830482,3320.736851961439
0.0006666666666666668,60.0578957538497,3320.723015990263
0.0008333333333333335,60.05764552252238,3320.70918019203
0.001,60.05739529432279,3320.6953445667355
0.0011666666666666668,60.05714506925091,3320.681509114378
0.0013333333333333335,60.05689484730661,3320.6676738349515
0.0015000000000000002,60.05664462848986,3320.6538387284536
0.001666666666666667,60.0563944128006,3320.64000379488
0.0018333333333333335,60.05614420023876,3320.626169034229
0.002,60.055893990804265,3320.6123344464945
0.002166666666666667,60.05564378449705,3320.598500031674
0.0023333333333333335,60.05539358131706,3320.5846657897637
0.0025000000000000005,60.05514338126424,3320.570831720761
0.002666666666666667,60.05489318433849,3320.556997824661
0.0028333333333333335,60.05464299053977,3320.54316410146
0.0030000000000000005,60.05439279986801,3320.529330551156
0.003166666666666667,60.054142612323155,3320.515497173744
0.003333333333333334,60.05389242790512,3320.5016639692203
0.0035000000000000005,60.05364224661385,3320.487830937582
0.003666666666666667,60.05339206844927,3320.4739980788254
0.003833333333333334,60.05314189341134,3320.460165392947
0.004,60.052891721499975,3320.4463328799425
0.0041666666666666675,60.052641552715116,3320.432500539809
0.004333333333333334,60.05239138705669,3320.418668372542
0.0045000000000000005,60.05214122452465,3320.40483637814
0.004666666666666667,60.0518910651189,3320.391004556597
0.004833333333333334,60.0516409088394,3320.3771729079103
0.005000000000000001,60.05139075568608,3320.363341432076
0.0051666666666666675,60.05114060565888,3320.349510129092
0.005333333333333334,60.05089045875773,3320.335678998953
0.0055000000000000005,60.05064031498255,3320.321848041656
0.005666666666666667,60.05039017433329,3320.3080172571968
0.0058333333333333345,60.0501400368099,3320.294186645573
0.006000000000000001,60.049889902412275,3320.28035620678
0.0061666666666666675,60.049639771140384,3320.266525940815
0.006333333333333334,60.04938964299414,3320.2526958476733
0.006500000000000001,60.049139517973515,3320.238865927353
0.006666666666666668,60.04888939607839,3320.225036179848
0.0068333333333333345,60.04863927730874,3320.2112066051573
0.007000000000000001,60.04838916166448,3320.197377203275
0.0071666666666666675,60.048139049145554,3320.1835479742
0.007333333333333334,60.0478889397519,3320.1697189179267
0.007500000000000001,60.04763883348344,3320.155890034452
0.007666666666666668,60.04738873034013,3320.1420613237733
0.007833333333333335,60.04713863032189,3320.1282327858853
0.008,60.04688853342864,3320.1144044207854
0.008166666666666668,60.04663843966035,3320.1005762284703
0.008333333333333335,60.04638834901692,3320.086748208935
0.0085,60.04613826149833,3320.0729203621786
0.008666666666666668,60.04588817710446,3320.0590926881946
0.008833333333333334,60.04563809583528,3320.0452651869805
0.009000000000000001,60.04538801769072,3320.0314378585335
0.009166666666666668,60.045137942670706,3320.0176107028487
0.009333333333333334,60.04488787077518,3320.0037837199234
0.009500000000000001,60.044637802004054,3319.9899569097524
0.009666666666666667,60.04438773635731,3319.9761302723346
0.009833333333333335,60.04413767383486,3319.962303807666
0.010000000000000002,60.04388761443663,3319.948477515741
0.010166666666666668,60.04363755816255,3319.9346513965575
0.010333333333333335,60.04338750501257,3319.9208254501114
0.0105,60.04313745498662,3319.906999676399
0.010666666666666668,60.042887408084646,3319.893174075418
0.010833333333333335,60.04263736430657,3319.8793486471636
0.011000000000000001,60.04238732365232,3319.8655233916315
0.011166666666666668,60.04213728612184,3319.8516983088193
0.011333333333333334,60.04188725171508,3319.837873398724
0.011500000000000002,60.04163722043196,3319.824048661341
0.011666666666666669,60.0413871922724,3319.810224096666
0.011833333333333335,60.04113716723635,3319.796399704696
0.012000000000000002,60.04088714532377,3319.7825754854293
0.012166666666666668,60.04063712653455,3319.768751438859
0.012333333333333335,60.04038711086864,3319.7549275649835
0.012500000000000002,60.040137098326,3319.7411038637993
0.012666666666666668,60.03988708890653,3319.7272803353026
0.012833333333333335,60.039637082610184,3319.7134569794885
0.013000000000000001,60.03938707943689,3319.699633796355
0.013166666666666669,60.0391370793866,3319.6858107858984
0.013333333333333336,60.03888708245923,3319.6719879481147
0.013500000000000002,60.03863708865472,3319.658165283
0.013666666666666669,60.038387097973,3319.6443427905506
0.013833333333333335,60.03813711041401,3319.6305204707637
0.014000000000000002,60.03788712597769,3319.6166983236353
0.014166666666666668,60.037637144663954,3319.6028763491613
0.014333333333333335,60.037387166472776,3319.5890545473394
0.014500000000000002,60.03713719140405,3319.5752329181646
0.014666666666666668,60.036887219457746,3319.561411461634
0.014833333333333336,60.03663725063377,3319.547590177744
0.015000000000000001,60.036387284932076,3319.5337690664915
0.015166666666666669,60.03613732235259,3319.5199481278714
0.015333333333333336,60.03588736289524,3319.5061273618817
0.015500000000000002,60.035637406559985,3319.492306768518
0.01566666666666667,60.03538745334673,3319.4784863477767
0.015833333333333335,60.035137503255434,3319.4646660996546
0.016,60.03488755628603,3319.4508460241477
0.01616666666666667,60.03463761243843,3319.4370261212525
0.016333333333333335,60.0343876717126,3319.423206390966
0.0165,60.03413773410845,3319.409386833283
0.01666666666666667,60.03388779962592,3319.3955674482017
0.016833333333333336,60.03363786826496,3319.3817482357176
0.017,60.033387940025506,3319.367929195828
0.01716666666666667,60.033138014907465,3319.354110328528
0.017333333333333336,60.03288809291079,3319.340291633814
0.0175,60.03263817403543,3319.326473111684
0.017666666666666667,60.032388258281294,3319.3126547621337
0.017833333333333336,60.03213834564833,3319.2988365851584
0.018000000000000002,60.03188843613647,3319.285018580756
0.018166666666666668,60.03163852974564,3319.2712007489213
0.018333333333333337,60.0313886264758,3319.2573830896526
0.018500000000000003,60.031138726326866,3319.2435656029447
0.018666666666666668,60.03088882929878,3319.2297482887952
0.018833333333333337,60.030638935391494,3319.215931147201
0.019000000000000003,60.03038904460489,3319.2021141781556
0.01916666666666667,60.030139156938944,3319.188297381658
0.019333333333333334,60.0298892723936,3319.1744807577047
0.019500000000000003,60.02963939096876,3319.16066430629
0.01966666666666667,60.02938951266439,3319.1468480274125
0.019833333333333335,60.029139637480405,3319.133031921068
0.020000000000000004,60.02888976541674,3319.119215987252
0.02016666666666667,60.02863989647334,3319.105400225961
0.020333333333333335,60.02839003065014,3319.091584637193
0.020500000000000004,60.02814016794706,3319.0777692209435
0.02066666666666667,60.02789030836406,3319.0639539772083
0.020833333333333336,60.02764045190106,3319.0501389059846
0.021,60.027390598557986,3319.0363240072684
0.02116666666666667,60.027140748334794,3319.0225092810565
0.021333333333333336,60.02689090123139,3319.008694727344
0.021500000000000002,60.02664105724775,3318.9948803461293
0.02166666666666667,60.02639121638378,3318.981066137408
0.021833333333333337,60.02614137863942,3318.967252101176
0.022000000000000002,60.0258915440146,3318.9534382374295
0.022166666666666668,60.02564171250927,3318.9396245461667
0.022333333333333337,60.02539188412336,3318.9258110273818
0.022500000000000003,60.02514205885679,3318.9119976810725
0.02266666666666667,60.02489223670951,3318.8981845072353
0.022833333333333337,60.02464241768147,3318.8843715058665
0.023000000000000003,60.02439260177257,3318.870558676961
0.02316666666666667,60.024142788982765,3318.856746020517
0.023333333333333338,60.02389297931199,3318.842933536531
0.023500000000000004,60.02364317276018,3318.8291212249983
0.02366666666666667,60.023393369327266,3318.815309085916
0.023833333333333335,60.02314356901318,3318.8014971192797
0.024000000000000004,60.022893771817856,3318.7876853250864
0.02416666666666667,60.022643977741254,3318.7738737033333
0.024333333333333335,60.02239418678327,3318.7600622540153
0.024500000000000004,60.02214439894387,3318.74625097713
0.02466666666666667,60.02189461422298,3318.7324398726732
0.024833333333333336,60.021644832620545,3318.718628940642
0.025000000000000005,60.021395054136455,3318.704818181031
0.02516666666666667,60.0211452787707,3318.691007593839
0.025333333333333336,60.02089550652319,3318.6771971790604
0.025500000000000002,60.02064573739387,3318.6633869366938
0.02566666666666667,60.02039597138266,3318.6495768667332
0.025833333333333337,60.02014620848952,3318.635766969177
0.026000000000000002,60.019896448714356,3318.6219572440205
0.02616666666666667,60.01964669205713,3318.6081476912605
0.026333333333333337,60.01939693851774,3318.5943383108925
0.026500000000000003,60.01914718809615,3318.5805291029137
0.026666666666666672,60.0188974407923,3318.566720067321
0.026833333333333338,60.01864769660612,3318.552911204111
0.027000000000000003,60.01839795553753,3318.5391025132785
0.02716666666666667,60.01814821758648,3318.5252939948214
0.027333333333333338,60.01789848275289,3318.511485648735
0.027500000000000004,60.017648751036724,3318.497677475017
0.02766666666666667,60.017399022437885,3318.4838694736627
0.02783333333333334,60.01714929695632,3318.4700616446685
0.028000000000000004,60.016899574591974,3318.4562539880317
0.02816666666666667,60.01664985534476,3318.4424465037478
0.028333333333333335,60.016400139214646,3318.4286391918145
0.028500000000000004,60.01615042620153,3318.4148320522263
0.02866666666666667,60.01590071630538,3318.4010250849815
0.028833333333333336,60.01565100952612,3318.3872182900755
0.029000000000000005,60.01540130586367,3318.3734116675046
0.02916666666666667,60.01515160531798,3318.359605217266
0.029333333333333336,60.01490190788898,3318.345798939355
0.029500000000000005,60.014652213576625,3318.33199283377
0.02966666666666667,60.014402522380806,3318.3181869005048
0.029833333333333337,60.01415283430149,3318.304381139557
0.030000000000000002,60.013903149338624,3318.2905755509237
0.03016666666666667,60.01365346749211,3318.2767701346006
0.030333333333333337,60.013403788761906,3318.262964890584
0.030500000000000003,60.013154113147934,3318.2491598188703
0.030666666666666672,60.012904440650146,3318.235354919457
0.030833333333333338,60.012654771268444,3318.2215501923383
0.031000000000000003,60.01240510500283,3318.207745637514
0.031166666666666672,60.01215544185315,3318.193941254977
0.03133333333333334,60.0119057818194,3318.1801370447256
0.03150000000000001,60.01165612490151,3318.1663330067563
0.03166666666666667,60.0114064710994,3318.1525291410644
0.03183333333333334,60.011156820413,3318.138725447647
0.032,60.010907172842266,3318.1249219265014
0.03216666666666667,60.010657528387114,3318.111118577622
0.03233333333333334,60.01040788704749,3318.097315401007
0.0325,60.01015824882334,3318.083512396652
0.03266666666666667,60.009908613714565,3318.0697095645532
0.03283333333333334,60.00965898172113,3318.055906904708
0.033,60.009409352842965,3318.042104417112
0.03316666666666667,60.00915972707999,3318.0283021017613
0.03333333333333334,60.008910104432154,3318.014499958653
0.0335,60.0086604848994,3318.000697987784
0.03366666666666667,60.00841086848165,3317.9868961891493
0.03383333333333334,60.00816125517883,3317.973094562746
0.034,60.007911644990905,3317.9592931085713
0.03416666666666667,60.00766203791778,3317.9454918266206
0.03433333333333334,60.007412433959416,3317.931690716891
0.0345,60.00716283311573,3317.917889779378
0.03466666666666667,60.006913235386655,3317.904089014079
0.03483333333333334,60.00666364077213,3317.8902884209897
0.035,60.0064140492721,3317.8764880001067
0.03516666666666667,60.0061644608865,3317.8626877514266
0.035333333333333335,60.005914875615254,3317.8488876749457
0.035500000000000004,60.0056652934583,3317.8350877706607
0.03566666666666667,60.00541571441559,3317.821288038568
0.035833333333333335,60.00516613848703,3317.8074884786633
0.036000000000000004,60.00491656567257,3317.7936890909436
0.03616666666666667,60.00466699597215,3317.7798898754054
0.036333333333333336,60.004417429385704,3317.7660908320454
0.036500000000000005,60.00416786591317,3317.7522919608596
0.036666666666666674,60.00391830555445,3317.738493261843
0.036833333333333336,60.00366874830953,3317.7246947349945
0.037000000000000005,60.00341919417833,3317.71089638031
0.037166666666666674,60.00316964316075,3317.6970981977843
0.037333333333333336,60.00292009525676,3317.683300187415
0.037500000000000006,60.0026705504663,3317.669502349199
0.037666666666666675,60.00242100878929,3317.655704683132
0.03783333333333334,60.00217147022566,3317.64190718921
0.038000000000000006,60.00192193477535,3317.62810986743
0.03816666666666667,60.0016724024383,3317.6143127177884
0.03833333333333334,60.00142287321446,3317.6005157402824
0.038500000000000006,60.00117334710374,3317.5867189349074
0.03866666666666667,60.00092382410608,3317.572922301659
0.03883333333333334,60.00067430422143,3317.559125840536
0.03900000000000001,60.000424787449695,3317.5453295515326
0.03916666666666667,60.000175273790845,3317.5315334346465
0.03933333333333334,59.99992576324479,3317.5177374898735
0.03950000000000001,59.99967625581148,3317.50394171721
0.03966666666666667,59.99942675149086,3317.490146116654
0.03983333333333334,59.99917725028284,3317.4763506881995
0.04000000000000001,59.99892775218736,3317.462555431844
0.04016666666666667,59.99867825720437,3317.448760347584
0.04033333333333334,59.99842876533379,3317.434965435416
0.04050000000000001,59.99817927657557,3317.421170695336
0.04066666666666667,59.99792979092964,3317.407376127341
0.04083333333333334,59.99768030839592,3317.3935817314273
0.04100000000000001,59.997430828974366,3317.3797875075907
0.04116666666666667,59.9971813526649,3317.365993455828
0.04133333333333334,59.99693187946748,3317.3521995761366
0.0415,59.99668240938201,3317.3384058685115
0.04166666666666667,59.99643294240844,3317.3246123329495
0.04183333333333334,59.99618347854671,3317.310818969447
0.042,59.99593401779675,3317.297025778001
0.04216666666666667,59.99568456015849,3317.283232758607
0.04233333333333334,59.99543510563187,3317.2694399112625
0.0425,59.99518565421683,3317.2556472359634
0.04266666666666667,59.99493620591329,3317.241854732705
0.04283333333333334,59.994686760721216,3317.2280624014857
0.043000000000000003,59.99443731864051,3317.2142702423007
0.04316666666666667,59.99418787967113,3317.200478255147
0.04333333333333334,59.993938443813,3317.1866864400213
0.043500000000000004,59.99368901106605,3317.172894796918
0.04366666666666667,59.99343958143023,3317.1591033258364
0.04383333333333334,59.99319015490546,3317.145312026771
0.044000000000000004,59.9929407314917,3317.131520899719
0.044166666666666674,59.992691311188864,3317.1177299446763
0.044333333333333336,59.99244189399688,3317.1039391616396
0.044500000000000005,59.992192479915715,3317.090148550606
0.044666666666666674,59.991943068945275,3317.0763581115707
0.044833333333333336,59.99169366108551,3317.062567844531
0.045000000000000005,59.99144425633634,3317.048777749482
0.045166666666666674,59.991194854697724,3317.0349878264224
0.04533333333333334,59.990945456169584,3317.021198075347
0.045500000000000006,59.990696060751844,3317.007408496252
0.045666666666666675,59.990446668444456,3316.993619089135
0.04583333333333334,59.990197279247354,3316.9798298539918
0.046000000000000006,59.98994789316046,3316.9660407908186
0.046166666666666675,59.989698510183736,3316.9522518996123
0.04633333333333334,59.98944913031709,3316.938463180369
0.04650000000000001,59.98919975356047,3316.9246746330855
0.046666666666666676,59.9889503799138,3316.9108862577573
0.04683333333333334,59.988701009377046,3316.8970980543822
0.04700000000000001,59.9884516419501,3316.8833100229554
0.047166666666666676,59.988202277632936,3316.8695221634744
0.04733333333333334,59.98795291642547,3316.855734475935
0.04750000000000001,59.98770355832763,3316.841946960333
0.04766666666666667,59.98745420333937,3316.828159616666
0.04783333333333334,59.98720485146062,3316.8143724449305
0.04800000000000001,59.9869555026913,3316.8005854451217
0.04816666666666667,59.986706157031364,3316.786798617237
0.04833333333333334,59.986456814480746,3316.7730119612725
0.04850000000000001,59.98620747503937,3316.7592254772244
0.04866666666666667,59.98595813870719,3316.74543916509
0.04883333333333334,59.985708805484116,3316.7316530248645
0.04900000000000001,59.9854594753701,3316.717867056545
0.04916666666666667,59.985210148365084,3316.7040812601285
0.04933333333333334,59.98496082446898,3316.69029563561
0.04950000000000001,59.98471150368174,3316.676510182987
0.04966666666666667,59.98446218600329,3316.6627249022554
0.04983333333333334,59.984212871433584,3316.648939793413
0.05000000000000001,59.98396355997254,3316.635154856454
0.05016666666666667,59.9837142516201,3316.6213700913763
0.05033333333333334,59.98346494637618,3316.607585498175
0.0505,59.98321564424075,3316.593801076848
0.05066666666666667,59.98296634521373,3316.5800168273922
0.05083333333333334,59.982717049295054,3316.566232749802
0.051000000000000004,59.98246775648465,3316.5524488440756
0.05116666666666667,59.982218466782456,3316.538665110208
0.05133333333333334,59.981969180188436,3316.5248815481973
0.051500000000000004,59.98171989670249,3316.5110981580383
0.05166666666666667,59.98147061632455,3316.497314939728
0.05183333333333334,59.981221339054585,3316.4835318932633
0.052000000000000005,59.980972064892505,3316.46974901864
0.052166666666666674,59.980722793838254,3316.4559663158548
0.05233333333333334,59.98047352589175,3316.4421837849036
0.052500000000000005,59.98022426105295,3316.4284014257837
0.052666666666666674,59.97997499932181,3316.414619238492
0.05283333333333334,59.979725740698214,3316.4008372230232
0.053000000000000005,59.97947648518213,3316.387055379375
0.053166666666666675,59.97922723277349,3316.3732737075434
0.053333333333333344,59.97897798347222,3316.359492207525
0.053500000000000006,59.97872873727825,3316.3457108793154
0.053666666666666675,59.97847949419155,3316.3319297229127
0.05383333333333334,59.978230254212015,3316.318148738312
0.054000000000000006,59.9779810173396,3316.30436792551
0.054166666666666675,59.97773178357423,3316.290587284503
0.05433333333333334,59.977482552915866,3316.2768068152886
0.05450000000000001,59.9772333253644,3316.263026517861
0.054666666666666676,59.97698410091981,3316.2492463922185
0.05483333333333334,59.97673487958201,3316.235466438357
0.05500000000000001,59.97648566135095,3316.2216866562735
0.055166666666666676,59.976236446226544,3316.207907045963
0.05533333333333334,59.97598723420874,3316.194127607423
0.05550000000000001,59.975738025297474,3316.18034834065
0.05566666666666668,59.975488819492675,3316.16656924564
0.05583333333333334,59.97523961679429,3316.152790322389
0.05600000000000001,59.97499041720225,3316.139011570895
0.05616666666666668,59.97474122071648,3316.1252329911526
0.05633333333333334,59.97449202733693,3316.1114545831592
0.05650000000000001,59.974242837063514,3316.0976763469107
0.05666666666666667,59.973993649896194,3316.083898282405
0.05683333333333334,59.9737444658349,3316.0701203896365
0.05700000000000001,59.97349528487954,3316.056342668602
0.05716666666666667,59.973246107030086,3316.0425651193
0.05733333333333334,59.97299693228648,3316.0287877417254
0.05750000000000001,59.97274776064859,3316.015010535873
0.05766666666666667,59.97249859211642,3316.0012335017423
0.05783333333333334,59.97224942668989,3315.9874566393282
0.05800000000000001,59.97200026436892,3315.9736799486277
0.05816666666666667,59.97175110515345,3315.9599034296352
0.05833333333333334,59.97150194904343,3315.94612708235
0.05850000000000001,59.971252796038776,3315.932350906767
0.05866666666666667,59.97100364613944,3315.918574902883
0.05883333333333334,59.97075449934533,3315.904799070694
0.05900000000000001,59.97050535565641,3315.891023410197
0.05916666666666667,59.97025621507261,3315.877247921388
0.05933333333333334,59.97000707759388,3315.8634726042646
0.059500000000000004,59.96975794322012,3315.849697458821
0.05966666666666667,59.96950881195127,3315.835922485055
0.05983333333333334,59.9692596837873,3315.822147682964
0.060000000000000005,59.969010558728115,3315.8083730525423
0.060166666666666674,59.968761436773676,3315.7945985937886
0.06033333333333334,59.968512317923874,3315.7808243066966
0.060500000000000005,59.96826320217869,3315.7670501912653
0.060666666666666674,59.96801408953804,3315.75327624749
0.06083333333333334,59.96776498000186,3315.739502475367
0.061000000000000006,59.96751587357009,3315.7257288748933
0.061166666666666675,59.96726677024266,3315.7119554460646
0.061333333333333344,59.967017670019494,3315.698182188877
0.061500000000000006,59.96676857290057,3315.6844091033295
0.061666666666666675,59.96651947888577,3315.6706361894157
0.061833333333333344,59.96627038797507,3315.656863447133
0.062000000000000006,59.96602130016838,3315.643090876478
0.062166666666666676,59.96577221546567,3315.6293184774477
0.062333333333333345,59.96552313386683,3315.615546250037
0.06250000000000001,59.96527405537181,3315.601774194243
0.06266666666666668,59.96502497998057,3315.588002310063
0.06283333333333334,59.96477590769303,3315.574230597493
0.06300000000000001,59.96452683850911,3315.5604590565285
0.06316666666666668,59.96427777242877,3315.5466876871674
0.06333333333333334,59.96402870945192,3315.532916489404
0.06350000000000001,59.96377964957852,3315.5191454632372
0.06366666666666668,59.9635305928085,3315.505374608663
0.06383333333333334,59.96328153914179,3315.4916039256764
0.064,59.963032488578314,3315.477833414274
0.06416666666666668,59.96278344111804,3315.464063074454
0.06433333333333334,59.96253439676087,3315.4502929062105
0.0645,59.96228535550676,3315.436522909542
0.06466666666666668,59.962036317355626,3315.4227530844432
0.06483333333333334,59.96178728230743,3315.408983430912
0.065,59.961538250362096,3315.3952139489447
0.06516666666666668,59.96128922151955,3315.381444638537
0.06533333333333334,59.96104019577974,3315.3676754996854
0.0655,59.9607911731426,3315.353906532387
0.06566666666666668,59.96054215360806,3315.340137736637
0.06583333333333334,59.96029313717605,3315.326369112433
0.066,59.96004412384652,3315.3126006597713
0.06616666666666668,59.959795113619414,3315.2988323786485
0.06633333333333334,59.95954610649463,3315.2850642690596
0.0665,59.959297102472135,3315.2712963310028
0.06666666666666668,59.95904810155186,3315.2575285644734
0.06683333333333334,59.95879910373373,3315.243760969469
0.067,59.95855010901769,3315.2299935459846
0.06716666666666668,59.95830111740367,3315.2162262940174
0.06733333333333334,59.95805212889161,3315.2024592135635
0.0675,59.957803143481435,3315.1886923046195
0.06766666666666668,59.957554161173114,3315.1749255671834
0.06783333333333334,59.95730518196653,3315.161159001249
0.068,59.95705620586167,3315.1473926068143
0.06816666666666668,59.95680723285844,3315.1336263838753
0.06833333333333334,59.95655826295678,3315.1198603324287
0.0685,59.956309296156626,3315.1060944524706
0.06866666666666668,59.95606033245791,3315.092328743997
0.06883333333333334,59.955811371860584,3315.0785632070056
0.069,59.955562414364564,3315.0647978414922
0.06916666666666668,59.95531345996979,3315.0510326474523
0.06933333333333334,59.955064508676216,3315.0372676248844
0.0695,59.95481556048375,3315.023502773783
0.06966666666666668,59.954566615392345,3315.009738094146
0.06983333333333334,59.95431767340194,3314.995973585969
0.07,59.954068734512454,3314.9822092492486
0.07016666666666667,59.953819798723835,3314.9684450839814
0.07033333333333334,59.953570866036024,3314.9546810901634
0.07050000000000001,59.95332193644894,3314.9409172677915
0.07066666666666667,59.95307300996251,3314.927153616861
0.07083333333333335,59.95282408657671,3314.9133901373707
0.07100000000000001,59.95257516629144,3314.899626829315
0.07116666666666667,59.952326249106655,3314.885863692691
0.07133333333333335,59.952077335022274,3314.8721007274953
0.07150000000000001,59.951828424038254,3314.858337933724
0.07166666666666667,59.95157951615451,3314.844575311374
0.07183333333333335,59.951330611370985,3314.8308128604413
0.07200000000000001,59.951081709687614,3314.817050580922
0.07216666666666667,59.950832811104334,3314.8032884728136
0.07233333333333335,59.950583915621095,3314.789526536112
0.07250000000000001,59.95033502323781,3314.775764770814
0.07266666666666667,59.950086133954414,3314.7620031769147
0.07283333333333335,59.94983724777086,3314.748241754412
0.07300000000000001,59.94958836468709,3314.7344805033026
0.07316666666666667,59.949339484703,3314.720719423581
0.07333333333333335,59.94909060781857,3314.706958515246
0.07350000000000001,59.9488417340337,3314.6931977782915
0.07366666666666667,59.94859286334836,3314.6794372127165
0.07383333333333335,59.94834399576245,3314.6656768185153
0.07400000000000001,59.94809513127594,3314.6519165956865
0.07416666666666667,59.94784626988873,3314.6381565442243
0.07433333333333335,59.94759741160079,3314.6243966641264
0.07450000000000001,59.94734855641204,3314.6106369553895
0.07466666666666667,59.947099704322405,3314.5968774180087
0.07483333333333335,59.94685085533185,3314.5831180519826
0.07500000000000001,59.946602009440284,3314.569358857306
0.07516666666666667,59.94635316664765,3314.555599833975
0.07533333333333335,59.946104326953886,3314.5418409819877
0.07550000000000001,59.94585549035892,3314.5280823013386
0.07566666666666667,59.9456066568627,3314.5143237920256
0.07583333333333335,59.94535782646516,3314.500565454045
0.07600000000000001,59.94510899916623,3314.486807287393
0.07616666666666667,59.94486017496583,3314.473049292065
0.07633333333333334,59.944611353863955,3314.4592914680597
0.07650000000000001,59.94436253586046,3314.4455338153716
0.07666666666666667,59.94411372095532,3314.4317763339973
0.07683333333333334,59.94386490914848,3314.418019023934
0.07700000000000001,59.94361610043988,3314.4042618851786
0.07716666666666668,59.94336729482943,3314.3905049177265
0.07733333333333334,59.943118492317076,3314.376748121574
0.07750000000000001,59.942869692902754,3314.3629914967187
0.07766666666666668,59.942620896586405,3314.349235043156
0.07783333333333334,59.94237210336796,3314.3354787608832
0.07800000000000001,59.94212331324735,3314.321722649896
0.07816666666666668,59.94187452622451,3314.3079667101906
0.07833333333333334,59.941625742299394,3314.2942109417645
0.07850000000000001,59.941376961471924,3314.280455344614
0.07866666666666668,59.94112818374203,3314.266699918734
0.07883333333333334,59.940879409109655,3314.252944664123
0.07900000000000001,59.94063063757475,3314.239189580777
0.07916666666666668,59.94038186913721,3314.2254346686905
0.07933333333333334,59.94013310379702,3314.2116799278624
0.07950000000000002,59.93988434155408,3314.1979253582876
0.07966666666666668,59.939635582408336,3314.184170959964
0.07983333333333334,59.93938682635973,3314.1704167328867
0.08000000000000002,59.93913807340819,3314.1566626770527
0.08016666666666668,59.93888932355365,3314.1429087924585
0.08033333333333334,59.93864057679607,3314.1291550791
0.08050000000000002,59.938391833135334,3314.115401536974
0.08066666666666668,59.93814309257143,3314.1016481660777
0.08083333333333334,59.93789435510427,3314.087894966406
0.08100000000000002,59.93764562073379,3314.074141937957
0.08116666666666668,59.93739688945993,3314.060389080726
0.08133333333333334,59.93714816128263,3314.04663639471
0.08150000000000002,59.93689943620181,3314.032883879904
0.08166666666666668,59.93665071421742,3314.019131536307
0.08183333333333334,59.93640199532941,3314.005379363915
0.08200000000000002,59.93615327953768,3313.9916273627214
0.08216666666666668,59.93590456684218,3313.977875532726
0.08233333333333334,59.935655857242864,3313.9641238739246
0.0825,59.93540715073964,3313.950372386312
0.08266666666666668,59.93515844733247,3313.9366210698868
0.08283333333333334,59.934909747021266,3313.9228699246437
0.083,59.93466104980597,3313.90911895058
0.08316666666666668,59.93441235568654,3313.895368147693
0.08333333333333334,59.93416366466288,3313.881617515977
0.0835,59.93391497673493,3313.867867055429
0.08366666666666668,59.933666291902654,3313.8541167660474
0.08383333333333334,59.93341761016597,3313.8403666478275
0.084,59.933168931524804,3313.8266167007646
0.08416666666666668,59.9329202559791,3313.8128669248563
0.08433333333333334,59.93267158352879,3313.799117320099
0.0845,59.93242291417382,3313.7853678864894
0.08466666666666668,59.932174247914126,3313.7716186240236
0.08483333333333334,59.931925584749635,3313.7578695326974
0.085,59.93167692468028,3313.744120612508
0.08516666666666668,59.93142826770601,3313.730371863452
0.08533333333333334,59.93117961382674,3313.716623285525
0.0855,59.930930963042435,3313.7028748787247
0.08566666666666668,59.93068231535301,3313.689126643047
0.08583333333333334,59.930433670758404,3313.6753785784877
0.08600000000000001,59.93018502925856,3313.661630685044
0.08616666666666668,59.9299363908534,3313.647882962712
0.08633333333333335,59.92968775554287,3313.634135411489
0.08650000000000001,59.9294391233269,3313.6203880313697
0.08666666666666668,59.92919049420543,3313.6066408223514
0.08683333333333335,59.928941868178406,3313.5928937844315
0.08700000000000001,59.928693245245746,3313.579146917605
0.08716666666666668,59.9284446254074,3313.5654002218703
0.08733333333333335,59.928196008663285,3313.5516536972214
0.08750000000000001,59.92794739501336,3313.5379073436566
0.08766666666666668,59.92769878445754,3313.524161161171
0.08783333333333335,59.92745017699577,3313.5104151497617
0.08800000000000001,59.927201572628,3313.496669309426
0.08816666666666668,59.92695297135414,3313.482923640159
0.08833333333333335,59.92670437317414,3313.4691781419574
0.08850000000000001,59.92645577808793,3313.4554328148183
0.08866666666666667,59.92620718609545,3313.4416876587375
0.08883333333333335,59.92595859719665,3313.427942673712
0.08900000000000001,59.92571001139143,3313.4141978597377
0.08916666666666667,59.92546142867976,3313.400453216812
0.08933333333333335,59.92521284906156,3313.38670874493
0.08950000000000001,59.92496427253677,3313.3729644440896
0.08966666666666667,59.92471569910531,3313.3592203142853
0.08983333333333335,59.92446712876716,3313.345476355516
0.09000000000000001,59.92421856152221,3313.3317325677763
0.09016666666666667,59.9239699973704,3313.3179889510634
0.09033333333333335,59.923721436311695,3313.3042455053733
0.09050000000000001,59.92347287834601,3313.2905022307036
0.09066666666666667,59.92322432347328,3313.276759127049
0.09083333333333335,59.922975771693444,3313.2630161944066
0.09100000000000001,59.92272722300645,3313.2492734327743
0.09116666666666667,59.92247867741221,3313.2355308421465
0.09133333333333335,59.922230134910684,3313.221788422521
0.09150000000000001,59.92198159550179,3313.2080461738938
0.09166666666666667,59.92173305918547,3313.194304096261
0.09183333333333335,59.921484525961674,3313.1805621896196
0.09200000000000001,59.921235995830315,3313.166820453966
0.09216666666666667,59.92098746879134,3313.1530788892965
0.09233333333333335,59.920738944844686,3313.1393374956074
0.09250000000000001,59.92049042399027,3313.125596272895
0.09266666666666667,59.920241906228064,3313.1118552211565
0.09283333333333335,59.919993391557966,3313.0981143403874
0.09300000000000001,59.919744879979945,3313.0843736305856
0.09316666666666668,59.919496371493906,3313.0706330917455
0.09333333333333335,59.91924786609981,3313.056892723865
0.09350000000000001,59.91899936379759,3313.043152526941
0.09366666666666668,59.91875086458717,3313.0294125009686
0.09383333333333335,59.91850236846849,3313.015672645945
0.09400000000000001,59.91825387544148,3313.0019329618663
0.09416666666666668,59.91800538550609,3312.9881934487294
0.09433333333333335,59.917756898662255,3312.97445410653
0.09450000000000001,59.91750841490989,3312.960714935265
0.09466666666666668,59.91725993424896,3312.9469759349317
0.09483333333333334,59.91701145667938,3312.933237105526
0.09500000000000001,59.916762982201085,3312.919498447043
0.09516666666666668,59.91651451081403,3312.905759959481
0.09533333333333334,59.91626604251814,3312.892021642836
0.09550000000000002,59.91601757731335,3312.878283497104
0.09566666666666668,59.91576911519959,3312.8645455222813
0.09583333333333334,59.915520656176795,3312.8508077183646
0.09600000000000002,59.91527220024492,3312.837070085351
0.09616666666666668,59.915023747403886,3312.823332623236
0.09633333333333334,59.91477529765363,3312.8095953320167
0.09650000000000002,59.914526850994086,3312.7958582116894
0.09666666666666668,59.9142784074252,3312.7821212622507
0.09683333333333334,59.914029966946906,3312.7683844836965
0.09700000000000002,59.91378152955912,3312.7546478760232
0.09716666666666668,59.913533095261805,3312.7409114392285
0.09733333333333334,59.913284664054885,3312.727175173308
0.09750000000000002,59.91303623593829,3312.7134390782576
0.09766666666666668,59.912787810911965,3312.6997031540745
0.09783333333333334,59.91253938897585,3312.6859674007555
0.09800000000000002,59.91229097012987,3312.672231818296
0.09816666666666668,59.912042554373954,3312.6584964066933
0.09833333333333334,59.911794141708064,3312.6447611659437
0.09850000000000002,59.91154573213211,3312.631026096043
0.09866666666666668,59.911297325646046,3312.617291196989
0.09883333333333334,59.9110489222498,3312.603556468777
0.09900000000000002,59.91080052194331,3312.5898219114033
0.09916666666666668,59.91055212472649,3312.5760875248648
0.09933333333333334,59.910303730599324,3312.562353309159
0.09950000000000002,59.91005533956171,3312.5486192642807
0.09966666666666668,59.90980695161359,3312.534885390227
0.09983333333333334,59.9095585667549,3312.5211516869945
0.10000000000000002,59.9093101849856,3312.5074181545797
0.10016666666666668,59.909061806305594,3312.493684792979
0.10033333333333334,59.90881343071483,3312.4799516021885
0.10050000000000002,59.90856505821324,3312.466218582205
0.10066666666666668,59.90831668880078,3312.4524857330252
0.10083333333333334,59.90806832247736,3312.438753054645
0.101,59.90781995924292,3312.425020547061
0.10116666666666668,59.90757159909741,3312.41128821027
0.10133333333333334,59.90732324204075,3312.3975560442677
0.1015,59.90707488807289,3312.383824049052
0.10166666666666668,59.906826537193766,3312.370092224618
0.10183333333333335,59.90657818940329,3312.356360570962
0.10200000000000001,59.906329844701425,3312.342629088081
0.10216666666666668,59.90608150308812,3312.3288977759735
0.10233333333333335,59.90583316456326,3312.3151666346325
0.10250000000000001,59.90558482912682,3312.301435664056
0.10266666666666668,59.90533649677872,3312.2877048642404
0.10283333333333335,59.90508816751891,3312.2739742351823
0.10300000000000001,59.904839841347325,3312.2602437768783
0.10316666666666668,59.90459151826388,3312.2465134893246
0.10333333333333335,59.90434319826853,3312.232783372517
0.10350000000000001,59.904094881361196,3312.219053426453
0.10366666666666668,59.90384656754185,3312.205323651129
0.10383333333333335,59.90359825681037,3312.1915940465406
0.10400000000000001,59.90334994916674,3312.177864612685
0.10416666666666669,59.90310164461089,3312.1641353495593
0.10433333333333335,59.90285334314273,3312.150406257158
0.10450000000000001,59.902605044762204,3312.1366773354785
0.10466666666666669,59.90235674946927,3312.1229485845183
0.10483333333333335,59.90210845726385,3312.1092200042726
0.10500000000000001,59.901860168145866,3312.095491594738
0.10516666666666669,59.90161188211529,3312.0817633559122
0.10533333333333335,59.90136359917202,3312.0680352877903
0.10550000000000001,59.90111531931602,3312.0543073903686
0.10566666666666669,59.900867042547205,3312.0405796636446
0.10583333333333335,59.90061876886552,3312.026852107614
0.10600000000000001,59.9003704982709,3312.013124722274
0.10616666666666669,59.90012223076329,3311.9993975076204
0.10633333333333335,59.89987396634262,3311.98567046365
0.10650000000000001,59.89962570500881,3311.971943590359
0.10666666666666669,59.89937744676181,3311.9582168877437
0.10683333333333335,59.899129191601574,3311.9444903558015
0.10700000000000001,59.898880939528006,3311.9307639945278
0.10716666666666667,59.89863269054106,3311.91703780392
0.10733333333333335,59.89838444464067,3311.903311783973
0.10750000000000001,59.898136201826766,3311.889585934685
0.10766666666666667,59.8978879620993,3311.8758602560515
0.10783333333333335,59.89763972545818,3311.8621347480694
0.10800000000000001,59.89739149190336,3311.848409410735
0.10816666666666667,59.897143261434785,3311.834684244045
0.10833333333333335,59.89689503405237,3311.820959247995
0.10850000000000001,59.89664680975607,3311.807234422583
0.10866666666666668,59.89639858854581,3311.7935097678037
0.10883333333333335,59.89615037042154,3311.779785283655
0.10900000000000001,59.89590215538316,3311.766060970133
0.10916666666666668,59.895653943430645,3311.752336827233
0.10933333333333335,59.89540573456392,3311.7386128549538
0.10950000000000001,59.895157528782924,3311.7248890532896
0.10966666666666668,59.894909326087564,3311.7111654222376
0.10983333333333335,59.89466112647781,3311.697441961794
0.11000000000000001,59.89441292995359,3311.6837186719567
0.11016666666666668,59.89416473651485,3311.6699955527215
0.11033333333333335,59.8939165461615,3311.656272604084
0.11050000000000001,59.89366835889348,3311.6425498260405
0.11066666666666668,59.89342017471074,3311.6288272185884
0.11083333333333335,59.89317199361322,3311.6151047817243
0.11100000000000002,59.89292381560085,3311.6013825154446
0.11116666666666668,59.892675640673545,3311.587660419744
0.11133333333333335,59.89242746883128,3311.573938494622
0.11150000000000002,59.892179300073956,3311.5602167400725
0.11166666666666668,59.89193113440153,3311.5464951560934
0.11183333333333335,59.89168297181394,3311.532773742681
0.11200000000000002,59.891434812311104,3311.5190524998307
0.11216666666666668,59.891186655892966,3311.50533142754
0.11233333333333335,59.89093850255947,3311.4916105258053
0.11250000000000002,59.89069035231055,3311.477889794623
0.11266666666666668,59.89044220514612,3311.4641692339883
0.11283333333333334,59.890194061066154,3311.4504488439
0.11300000000000002,59.88994592007057,3311.4367286243537
0.11316666666666668,59.88969778215929,3311.4230085753443
0.11333333333333334,59.88944964733227,3311.40928869687
0.11350000000000002,59.889201515589434,3311.3955689889267
0.11366666666666668,59.88895338693073,3311.3818494515117
0.11383333333333334,59.88870526135609,3311.36813008462
0.11400000000000002,59.888457138865434,3311.354410888249
0.11416666666666668,59.888209019458714,3311.3406918623946
0.11433333333333334,59.88796090313588,3311.326973007054
0.11450000000000002,59.88771278989684,3311.313254322223
0.11466666666666668,59.88746467974154,3311.299535807899
0.11483333333333334,59.887216572669914,3311.2858174640764
0.11500000000000002,59.88696846868192,3311.2720992907552
0.11516666666666668,59.88672036777745,3311.258381287928
0.11533333333333334,59.886472269956485,3311.2446634555936
0.11550000000000002,59.886224175218935,3311.2309457937477
0.11566666666666668,59.885976083564756,3311.2172283023874
0.11583333333333334,59.88572799499386,3311.2035109815083
0.11600000000000002,59.885479909506195,3311.189793831107
0.11616666666666668,59.8852318271017,3311.1760768511813
0.11633333333333334,59.8849837477803,3311.1623600417256
0.11650000000000002,59.884735671541954,3311.1486434027383
0.11666666666666668,59.88448759838657,3311.134926934214
0.11683333333333334,59.88423952831411,3311.121210636151
0.11700000000000002,59.8839914613245,3311.1074945085447
0.11716666666666668,59.88374339741765,3311.093778551391
0.11733333333333335,59.88349533659354,3311.080062764688
0.11750000000000002,59.883247278852075,3311.066347148431
0.11766666666666668,59.88299922419322,3311.0526317026174
0.11783333333333335,59.88275117261688,3311.0389164272424
0.11800000000000002,59.882503124123,3311.025201322303
0.11816666666666668,59.882255078711516,3311.0114863877952
0.11833333333333335,59.8820070363824,3310.997771623718
0.11850000000000002,59.88175899713552,3310.9840570300644
0.11866666666666668,59.881510960970864,3310.9703426068327
0.11883333333333335,59.88126292788836,3310.956628354019
0.11900000000000001,59.88101489788793,3310.9429142716203
0.11916666666666668,59.880766870969516,3310.929200359632
0.11933333333333335,59.880518847133075,3310.915486618052
0.11950000000000001,59.8802708263785,3310.9017730468754
0.11966666666666669,59.88002280870577,3310.8880596461
0.11983333333333335,59.87977479411478,3310.87434641572
0.12000000000000001,59.87952678260551,3310.860633355735
0.12016666666666669,59.87927877417786,3310.8469204661387
0.12033333333333335,59.8790307688318,3310.8332077469295
0.12050000000000001,59.878782766567234,3310.8194951981027
0.12066666666666669,59.8785347673841,3310.8057828196547
0.12083333333333335,59.878286771282355,3310.792070611583
0.12100000000000001,59.87803877826193,3310.778358573883
0.12116666666666669,59.87779078832277,3310.764646706553
0.12133333333333335,59.87754280146478,3310.7509350095866
0.12150000000000001,59.87729481768791,3310.7372234829827
0.12166666666666669,59.87704683699211,3310.7235121267363
0.12183333333333335,59.87679885937731,3310.709800940845
0.12200000000000001,59.87655088484344,3310.6960899253045
0.12216666666666669,59.87630291339043,3310.6823790801113
0.12233333333333335,59.87605494501823,3310.6686684052625
0.12250000000000001,59.87580697972678,3310.654957900754
0.12266666666666669,59.875559017516004,3310.6412475665825
0.12283333333333335,59.87531105838583,3310.627537402744
0.12300000000000001,59.87506310233621,3310.6138274092355
0.12316666666666669,59.8748151493671,3310.6001175860542
0.12333333333333335,59.87456719947839,3310.586407933195
0.12350000000000001,59.874319252670034,3310.5726984506546
0.12366666666666669,59.874071308941986,3310.5589891384307
0.12383333333333335,59.873823368294175,3310.545279996519
0.12400000000000001,59.87357543072652,3310.531571024916
0.12416666666666669,59.87332749623897,3310.5178622236185
0.12433333333333335,59.87307956483145,3310.5041535926216
0.12450000000000001,59.872831636503925,3310.4904451319235
0.12466666666666669,59.87258371125631,3310.47673684152
0.12483333333333335,59.87233578908853,3310.4630287214077
0.12500000000000003,59.87208787000055,3310.449320771583
0.12516666666666668,59.87183995399228,3310.435612992042
0.12533333333333335,59.871592041063664,3310.421905382781
0.12550000000000003,59.871344131214656,3310.4081979437983
0.12566666666666668,59.87109622444517,3310.394490675088
0.12583333333333335,59.87084832075516,3310.3807835766484
0.12600000000000003,59.870600420144534,3310.3670766484747
0.12616666666666668,59.870352522613246,3310.3533698905635
0.12633333333333335,59.87010462816126,3310.339663302913
0.12650000000000003,59.86985673678847,3310.325956885518
0.12666666666666668,59.86960884849481,3310.312250638374
0.12683333333333335,59.86936096328025,3310.2985445614795
0.12700000000000003,59.86911308114471,3310.2848386548303
0.12716666666666668,59.868865202088124,3310.271132918423
0.12733333333333335,59.86861732611043,3310.2574273522537
0.12750000000000003,59.868369453211564,3310.243721956319
0.12766666666666668,59.86812158339146,3310.2300167306157
0.12783333333333335,59.86787371665007,3310.2163116751403
0.128,59.86762585298731,3310.2026067898887
0.12816666666666668,59.86737799240313,3310.188902074858
0.12833333333333335,59.86713013489744,3310.1751975300435
0.1285,59.86688228047022,3310.1614931554436
0.12866666666666668,59.866634429121355,3310.1477889510525
0.12883333333333336,59.86638658085083,3310.134084916869
0.129,59.86613873565855,3310.1203810528878
0.12916666666666668,59.865890893544474,3310.106677359107
0.12933333333333336,59.865643054508524,3310.0929738355217
0.1295,59.865395218550624,3310.079270482128
0.12966666666666668,59.865147385670724,3310.0655672989233
0.12983333333333336,59.86489955586877,3310.0518642859047
0.13,59.864651729144704,3310.0381614430685
0.13016666666666668,59.86440390549841,3310.0244587704087
0.13033333333333336,59.86415608492989,3310.010756267925
0.1305,59.863908267439044,3309.9970539356123
0.13066666666666668,59.863660453025815,3309.9833517734673
0.13083333333333336,59.86341264169014,3309.9696497814866
0.131,59.86316483343195,3309.9559479596664
0.13116666666666668,59.862917028251196,3309.9422463080036
0.13133333333333336,59.8626692261478,3309.9285448264945
0.1315,59.86242142712171,3309.9148435151355
0.13166666666666668,59.862173631172844,3309.901142373923
0.13183333333333336,59.86192583830116,3309.8874414028537
0.132,59.86167804850658,3309.873740601924
0.13216666666666668,59.861430261789046,3309.86003997113
0.13233333333333336,59.8611824781485,3309.8463395104695
0.1325,59.86093469758486,3309.832639219937
0.13266666666666668,59.86068692009808,3309.8189390995303
0.13283333333333336,59.8604391456881,3309.8052391492456
0.133,59.86019137435483,3309.791539369079
0.13316666666666668,59.85994360609822,3309.7778397590278
0.13333333333333336,59.85969584091822,3309.764140319088
0.1335,59.85944807881475,3309.750441049256
0.13366666666666668,59.859200319787746,3309.7367419495276
0.13383333333333336,59.858952563837164,3309.7230430199015
0.134,59.85870481096293,3309.7093442603723
0.13416666666666668,59.858457061164955,3309.6956456709363
0.13433333333333336,59.85820931444321,3309.6819472515904
0.1345,59.85796157079761,3309.668249002332
0.13466666666666668,59.85771383022811,3309.6545509231564
0.13483333333333336,59.85746609273463,3309.6408530140607
0.135,59.85721835831711,3309.627155275041
0.13516666666666668,59.856970626975496,3309.6134577060943
0.13533333333333336,59.85672289870971,3309.5997603072165
0.1355,59.8564751735197,3309.586063078404
0.13566666666666669,59.856227451405395,3309.5723660196545
0.13583333333333336,59.85597973236674,3309.558669130963
0.136,59.855732016403664,3309.5449724123273
0.13616666666666669,59.8554843035161,3309.5312758637424
0.13633333333333336,59.855236593703985,3309.5175794852057
0.1365,59.85498888696728,3309.503883276714
0.1366666666666667,59.854741183305876,3309.4901872382625
0.13683333333333336,59.854493482719754,3309.4764913698496
0.137,59.85424578520882,3309.46279567147
0.1371666666666667,59.85399809077302,3309.4491001431206
0.13733333333333336,59.8537503994123,3309.4354047847987
0.1375,59.85350271112658,3309.4217095965
0.1376666666666667,59.85325502591581,3309.408014578221
0.13783333333333336,59.85300734377991,3309.394319729958
0.138,59.85275966471883,3309.380625051709
0.1381666666666667,59.85251198873251,3309.3669305434687
0.13833333333333336,59.852264315820875,3309.353236205234
0.1385,59.85201664598386,3309.3395420370016
0.1386666666666667,59.85176897922142,3309.325848038769
0.13883333333333336,59.851521315533475,3309.312154210531
0.139,59.85127365491996,3309.2984605522843
0.1391666666666667,59.851025997380816,3309.2847670640263
0.13933333333333336,59.850778342915994,3309.2710737457533
0.1395,59.85053069152541,3309.257380597461
0.1396666666666667,59.85028304320899,3309.243687619147
0.13983333333333337,59.8500353979667,3309.2299948108066
0.14,59.849787755798474,3309.2163021724373
0.1401666666666667,59.849540116704226,3309.2026097040352
0.14033333333333334,59.84929248068391,3309.1889174055964
0.1405,59.84904484773744,3309.175225277117
0.1406666666666667,59.848797217864785,3309.161533318595
0.14083333333333334,59.84854959106586,3309.147841530026
0.14100000000000001,59.84830196734061,3309.134149911407
0.1411666666666667,59.848054346688976,3309.120458462734
0.14133333333333334,59.847806729110864,3309.1067671840024
0.14150000000000001,59.847559114606256,3309.093076075211
0.1416666666666667,59.847311503175064,3309.079385136355
0.14183333333333334,59.84706389481721,3309.0656943674303
0.14200000000000002,59.84681628953266,3309.0520037684346
0.1421666666666667,59.846568687321344,3309.0383133393643
0.14233333333333334,59.846321088183174,3309.0246230802145
0.14250000000000002,59.84607349211811,3309.010932990983
0.1426666666666667,59.845825899126076,3308.9972430716657
0.14283333333333334,59.845578309207035,3308.98355332226
0.14300000000000002,59.84533072236088,3308.969863742761
0.1431666666666667,59.84508313858758,3308.956174333166
0.14333333333333334,59.84483555788706,3308.9424850934715
0.14350000000000002,59.84458798025926,3308.9287960236734
0.1436666666666667,59.84434040570412,3308.9151071237698
0.14383333333333334,59.84409283422157,3308.901418393755
0.14400000000000002,59.843845265811545,3308.8877298336265
0.1441666666666667,59.843597700473985,3308.8740414433814
0.14433333333333334,59.84335013820882,3308.860353223015
0.14450000000000002,59.84310257901599,3308.846665172524
0.1446666666666667,59.84285502289544,3308.832977291906
0.14483333333333334,59.8426074698471,3308.8192895811567
0.14500000000000002,59.842359919870916,3308.805602040273
0.1451666666666667,59.842112372966795,3308.7919146692498
0.14533333333333334,59.84186482913471,3308.7782274680853
0.14550000000000002,59.84161728837458,3308.764540436776
0.1456666666666667,59.84136975068633,3308.7508535753173
0.14583333333333334,59.84112221606991,3308.7371668837063
0.14600000000000002,59.84087468452527,3308.7234803619394
0.1461666666666667,59.84062715605232,3308.7097940100134
0.14633333333333334,59.840379630651015,3308.6961078279246
0.14650000000000002,59.84013210832127,3308.682421815669
0.1466666666666667,59.839884589063054,3308.668735973244
0.14683333333333334,59.83963707287627,3308.6550503006447
0.14700000000000002,59.83938955976088,3308.6413647978693
0.1471666666666667,59.839142049716806,3308.627679464913
0.14733333333333334,59.83889454274399,3308.6139943017724
0.14750000000000002,59.83864703884238,3308.6003093084455
0.1476666666666667,59.83839953801189,3308.586624484927
0.14783333333333334,59.83815204025246,3308.5729398312137
0.14800000000000002,59.83790454556404,3308.5592553473025
0.1481666666666667,59.83765705394656,3308.54557103319
0.14833333333333334,59.83740956539995,3308.5318868888726
0.14850000000000002,59.83716207992416,3308.518202914346
0.1486666666666667,59.836914597519105,3308.5045191096074
0.14883333333333335,59.83666711818475,3308.490835474654
0.14900000000000002,59.83641964192101,3308.477152009481
0.1491666666666667,59.83617216872784,3308.463468714086
0.14933333333333335,59.835924698605155,3308.4497855884642
0.14950000000000002,59.83567723155291,3308.4361026326133
0.1496666666666667,59.835429767571014,3308.422419846529
0.14983333333333335,59.83518230665942,3308.4087372302074
0.15000000000000002,59.83493484881809,3308.3950547836466
0.1501666666666667,59.83468739404693,3308.381372506842
0.15033333333333335,59.83443994234589,3308.3676903997903
0.15050000000000002,59.83419249371488,3308.3540084624874
0.1506666666666667,59.83394504815387,3308.3403266949304
0.15083333333333335,59.833697605662785,3308.326645097116
0.15100000000000002,59.83345016624157,3308.312963669041
0.1511666666666667,59.83320272989013,3308.2992824107
0.15133333333333335,59.832955296608425,3308.285601322091
0.15150000000000002,59.832707866396404,3308.2719204032114
0.1516666666666667,59.83246043925399,3308.258239654056
0.15183333333333335,59.83221301518111,3308.244559074622
0.15200000000000002,59.83196559417772,3308.2308786649055
0.1521666666666667,59.831718176243726,3308.2171984249026
0.15233333333333335,59.8314707613791,3308.2035183546113
0.15250000000000002,59.83122334958375,3308.1898384540264
0.15266666666666667,59.830975940857634,3308.176158723146
0.15283333333333335,59.830728535200684,3308.1624791619656
0.15300000000000002,59.830481132612825,3308.1487997704817
0.15316666666666667,59.830233733094005,3308.1351205486912
0.15333333333333335,59.82998633664416,3308.1214414965903
0.15350000000000003,59.82973894326321,3308.107762614175
0.15366666666666667,59.82949155295112,3308.0940839014434
0.15383333333333335,59.8292441657078,3308.08040535839
0.15400000000000003,59.8289967815332,3308.066726985013
0.15416666666666667,59.82874940042726,3308.053048781308
0.15433333333333335,59.82850202238991,3308.0393707472717
0.15450000000000003,59.82825464742108,3308.0256928829
0.15466666666666667,59.828007275520726,3308.01201518819
0.15483333333333335,59.827759906688755,3307.998337663138
0.15500000000000003,59.82751254092515,3307.9846603077413
0.15516666666666667,59.82726517822979,3307.970983121995
0.15533333333333335,59.82701781860266,3307.9573061058973
0.15550000000000003,59.82677046204366,3307.943629259442
0.15566666666666668,59.826523108552756,3307.9299525826286
0.15583333333333335,59.82627575812987,3307.9162760754516
0.15600000000000003,59.82602841077493,3307.902599737908
0.15616666666666668,59.8257810664879,3307.8889235699953
0.15633333333333335,59.825533725268684,3307.8752475717083
0.15650000000000003,59.825286387117245,3307.861571743045
0.15666666666666668,59.82503905203351,3307.847896084001
0.15683333333333335,59.82479172001741,3307.8342205945733
0.15700000000000003,59.82454439106888,3307.8205452747575
0.15716666666666668,59.82429706518787,3307.8068701245506
0.15733333333333335,59.82404974237431,3307.7931951439496
0.15750000000000003,59.823802422628134,3307.7795203329506
0.15766666666666668,59.82355510594928,3307.76584569155
0.15783333333333335,59.82330779233769,3307.7521712197445
0.15800000000000003,59.82306048179329,3307.7384969175305
0.15816666666666668,59.82281317431602,3307.724822784904
0.15833333333333335,59.82256586990582,3307.7111488218625
0.15850000000000003,59.82231856856263,3307.6974750284016
0.15866666666666668,59.822071270286386,3307.683801404519
0.15883333333333335,59.821823975077,3307.670127950209
0.15900000000000003,59.821576682934456,3307.6564546654704
0.15916666666666668,59.82132939385866,3307.642781550299
0.15933333333333335,59.821082107849534,3307.62910860469
0.15950000000000003,59.820834824907045,3307.6154358286417
0.15966666666666668,59.82058754503112,3307.6017632221497
0.15983333333333336,59.820340268221685,3307.58809078521
0.16000000000000003,59.82009299447869,3307.57441851782
0.16016666666666668,59.81984572380207,3307.5607464199766
0.16033333333333336,59.819598456191756,3307.547074491675
0.16050000000000003,59.819351191647684,3307.5334027329122
0.16066666666666668,59.819103930169796,3307.5197311436855
0.16083333333333336,59.81885667175803,3307.5060597239903
0.16100000000000003,59.818609416412315,3307.4923884738237
0.16116666666666668,59.81836216413259,3307.4787173931813
0.16133333333333336,59.818114914918795,3307.465046482061
0.16150000000000003,59.81786766877085,3307.451375740458
0.16166666666666668,59.81762042568872,3307.4377051683696
0.16183333333333336,59.81737318567234,3307.424034765793
0.16200000000000003,59.8171259487216,3307.410364532722
0.16216666666666668,59.8168787148365,3307.3966944691556
0.16233333333333336,59.81663148401695,3307.3830245750905
0.16250000000000003,59.81638425626288,3307.3693548505216
0.16266666666666668,59.81613703157422,3307.3556852954457
0.16283333333333336,59.81588980995093,3307.34201590986
0.16300000000000003,59.81564259139293,3307.328346693761
0.16316666666666668,59.81539537590017,3307.314677647145
0.16333333333333336,59.81514816347256,3307.3010087700072
0.16350000000000003,59.814900954110065,3307.287340062346
0.16366666666666668,59.8146537478126,3307.2736715241567
0.16383333333333336,59.81440654458012,3307.2600031554366
0.16400000000000003,59.814159344412566,3307.246334956182
0.16416666666666668,59.81391214730986,3307.23266692639
0.16433333333333336,59.81366495327192,3307.2189990660545
0.16450000000000004,59.813417762298734,3307.2053313751753
0.16466666666666668,59.81317057439019,3307.191663853747
0.16483333333333336,59.81292338954625,3307.1779965017663
0.165,59.81267620776685,3307.16432931923
0.16516666666666668,59.81242902905191,3307.150662306135
0.16533333333333336,59.81218185340138,3307.1369954624765
0.1655,59.8119346808152,3307.1233287882524
0.16566666666666668,59.8116875112933,3307.109662283459
0.16583333333333336,59.811440344835624,3307.095995948092
0.166,59.811193181442086,3307.0823297821476
0.16616666666666668,59.81094602111265,3307.068663785624
0.16633333333333336,59.810698863847236,3307.054997958516
0.1665,59.810451709645804,3307.0413323008224
0.16666666666666669,59.81020455850825,3307.027666812536
0.16683333333333336,59.80995741043455,3307.014001493657
0.167,59.80971026542462,3307.0003363441797
0.16716666666666669,59.8094631234784,3306.9866713641018
0.16733333333333336,59.809215984595824,3306.973006553418
0.1675,59.80896884877684,3306.959341912127
0.16766666666666669,59.808721716021374,3306.9456774402242
0.16783333333333336,59.80847458632937,3306.932013137706
0.168,59.80822745970076,3306.9183490045693
0.1681666666666667,59.80798033613548,3306.9046850408104
0.16833333333333336,59.80773321563347,3306.8910212464257
0.1685,59.807486098194666,3306.877357621412
0.1686666666666667,59.807238983819005,3306.863694165766
0.16883333333333336,59.806991872506416,3306.8500308794833
0.169,59.80674476425684,3306.8363677625607
0.1691666666666667,59.80649765907023,3306.8227048149956
0.16933333333333336,59.806250556946495,3306.809042036783
0.1695,59.806003457885595,3306.795379427921
0.1696666666666667,59.805756361887454,3306.7817169884056
0.16983333333333336,59.805509268952015,3306.7680547182326
0.17,59.80526217907921,3306.754392617399
0.1701666666666667,59.80501509226897,3306.740730685901
0.17033333333333336,59.80476800852125,3306.7270689237357
0.1705,59.80452092783596,3306.7134073308985
0.1706666666666667,59.80427385021308,3306.6997459073878
0.17083333333333336,59.8040267756525,3306.6860846531986
0.171,59.803779704154174,3306.6724235683273
0.1711666666666667,59.80353263571805,3306.658762652771
0.17133333333333337,59.80328557034404,3306.6451019065257
0.1715,59.80303850803211,3306.631441329589
0.1716666666666667,59.80279144878219,3306.6177809219566
0.17183333333333337,59.80254439259419,3306.604120683625
0.17200000000000001,59.80229733946808,3306.5904606145905
0.1721666666666667,59.80205028940378,3306.57680071485
0.17233333333333337,59.801803242401235,3306.5631409844
0.17250000000000001,59.80155619846036,3306.549481423236
0.1726666666666667,59.80130915758114,3306.5358220313574
0.17283333333333337,59.80106211976345,3306.522162808757
0.17300000000000001,59.800815085007265,3306.508503755433
0.1731666666666667,59.800568053312524,3306.494844871383
0.17333333333333337,59.80032102467914,3306.4811861566013
0.17350000000000002,59.80007399910708,3306.467527611086
0.1736666666666667,59.79982697659624,3306.453869234833
0.17383333333333337,59.79957995714661,3306.4402110278393
0.17400000000000002,59.79933294075808,3306.4265529901004
0.1741666666666667,59.7990859274306,3306.412895121614
0.17433333333333337,59.79883891716412,3306.3992374223753
0.17450000000000002,59.798591909958574,3306.3855798923823
0.1746666666666667,59.798344905813885,3306.3719225316304
0.17483333333333337,59.79809790473001,3306.3582653401168
0.17500000000000002,59.79785090670685,3306.344608317837
0.1751666666666667,59.797603911744375,3306.3309514647885
0.17533333333333337,59.79735691984252,3306.3172947809676
0.17550000000000002,59.79710993100121,3306.3036382663704
0.1756666666666667,59.79686294522038,3306.2899819209933
0.17583333333333337,59.796615962499985,3306.276325744834
0.17600000000000002,59.79636898283994,3306.262669737888
0.1761666666666667,59.79612200624018,3306.249013900151
0.17633333333333337,59.79587503270067,3306.235358231622
0.17650000000000002,59.795628062221326,3306.221702732295
0.1766666666666667,59.79538109480208,3306.2080474021673
0.17683333333333334,59.79513413044289,3306.1943922412365
0.17700000000000002,59.79488716914368,3306.1807372494977
0.1771666666666667,59.794640210904376,3306.1670824269477
0.17733333333333334,59.794393255724934,3306.153427773584
0.17750000000000002,59.794146303605274,3306.1397732894015
0.1776666666666667,59.793899354545346,3306.1261189743977
0.17783333333333334,59.793652408545086,3306.1124648285695
0.17800000000000002,59.79340546560443,3306.0988108519123
0.1781666666666667,59.7931585257233,3306.0851570444233
0.17833333333333334,59.792911588901646,3306.0715034060986
0.17850000000000002,59.7926646551394,3306.057849936935
0.1786666666666667,59.79241772443652,3306.0441966369294
0.17883333333333334,59.79217079679292,3306.030543506078
0.17900000000000002,59.79192387220852,3306.0168905443766
0.1791666666666667,59.7916769506833,3306.003237751823
0.17933333333333334,59.79143003221718,3305.9895851284127
0.17950000000000002,59.79118311681008,3305.9759326741423
0.1796666666666667,59.79093620446195,3305.9622803890084
0.17983333333333335,59.79068929517273,3305.948628273008
0.18000000000000002,59.790442388942346,3305.934976326137
0.1801666666666667,59.79019548577075,3305.9213245483925
0.18033333333333335,59.78994858565786,3305.90767293977
0.18050000000000002,59.789701688603635,3305.894021500267
0.1806666666666667,59.789454794608005,3305.88037022988
0.18083333333333335,59.78920790367089,3305.866719128605
0.18100000000000002,59.788961015792246,3305.8530681964385
0.1811666666666667,59.788714130972,3305.839417433377
0.18133333333333335,59.788467249210086,3305.8257668394176
0.18150000000000002,59.788220370506444,3305.812116414556
0.1816666666666667,59.78797349486103,3305.79846615879
0.18183333333333335,59.78772662227375,3305.7848160721146
0.18200000000000002,59.78747975274455,3305.7711661545263
0.1821666666666667,59.7872328862734,3305.7575164060236
0.18233333333333335,59.78698602286019,3305.743866826601
0.18250000000000002,59.78673916250487,3305.7302174162555
0.1826666666666667,59.78649230520739,3305.7165681749834
0.18283333333333335,59.78624545096768,3305.702919102782
0.18300000000000002,59.78599859978567,3305.6892701996476
0.1831666666666667,59.78575175166132,3305.675621465577
0.18333333333333335,59.78550490659453,3305.661972900565
0.18350000000000002,59.78525806458528,3305.6483245046106
0.1836666666666667,59.78501122563346,3305.634676277708
0.18383333333333335,59.78476438973904,3305.621028219855
0.18400000000000002,59.784517556901946,3305.607380331048
0.1841666666666667,59.78427072712213,3305.593732611284
0.18433333333333335,59.7840239003995,3305.5800850605574
0.18450000000000003,59.783777076734005,3305.5664376788673
0.1846666666666667,59.78353025612559,3305.552790466208
0.18483333333333335,59.783283438574195,3305.5391434225785
0.18500000000000003,59.78303662407975,3305.525496547974
0.1851666666666667,59.78278981264217,3305.511849842389
0.18533333333333335,59.78254300426142,3305.4982033058227
0.18550000000000003,59.78229619893746,3305.484556938273
0.1856666666666667,59.78204939667016,3305.4709107397316
0.18583333333333335,59.78180259745951,3305.4572647101986
0.18600000000000003,59.78155580130542,3305.4436188496697
0.1861666666666667,59.78130900820785,3305.4299731581414
0.18633333333333335,59.78106221816672,3305.41632763561
0.18650000000000003,59.78081543118197,3305.402682282072
0.1866666666666667,59.78056864725353,3305.3890370975237
0.18683333333333335,59.780321866381364,3305.3753920819627
0.18700000000000003,59.780075088565376,3305.3617472353844
0.1871666666666667,59.77982831380552,3305.3481025577853
0.18733333333333335,59.779581542101724,3305.3344580491625
0.18750000000000003,59.77933477345394,3305.320813709513
0.1876666666666667,59.779088007862086,3305.3071695388317
0.18783333333333335,59.77884124532611,3305.293525537116
0.18800000000000003,59.77859448584596,3305.279881704363
0.1881666666666667,59.77834772942155,3305.2662380405686
0.18833333333333335,59.778100976052826,3305.2525945457287
0.18850000000000003,59.77785422573974,3305.2389512198415
0.1886666666666667,59.7776074784822,3305.225308062902
0.18883333333333335,59.77736073428016,3305.2116650749067
0.18900000000000003,59.77711399313356,3305.1980222558536
0.18916666666666668,59.77686725504232,3305.184379605737
0.18933333333333335,59.77662052000641,3305.1707371245557
0.18950000000000003,59.77637378802574,3305.157094812305
0.18966666666666668,59.77612705910024,3305.143452668981
0.18983333333333335,59.775880333229864,3305.1298106945806
0.19000000000000003,59.77563361041454,3305.1161688891007
0.19016666666666668,59.77538689065423,3305.102527252539
0.19033333333333335,59.775140173948834,3305.0888857848886
0.19050000000000003,59.77489346029831,3305.075244486149
0.19066666666666668,59.77464674970259,3305.061603356316
0.19083333333333335,59.77440004216161,3305.047962395385
0.19100000000000003,59.77415333767531,3305.034321603354
0.19116666666666668,59.77390663624362,3305.020680980219
0.19133333333333336,59.77365993786649,3305.0070405259758
0.19150000000000003,59.77341324254384,3304.9934002406217
0.19166666666666668,59.773166550275626,3304.9797601241535
0.19183333333333336,59.77291986106179,3304.9661201765675
0.19200000000000003,59.772673174902216,3304.952480397859
0.19216666666666668,59.7724264917969,3304.9388407880256
0.19233333333333336,59.77217981174577,3304.9252013470646
0.19250000000000003,59.77193313474874,3304.9115620749712
0.19266666666666668,59.77168646080575,3304.8979229717415
0.19283333333333336,59.77143978991675,3304.884284037373
0.19300000000000003,59.771193122081684,3304.8706452718634
0.19316666666666668,59.77094645730046,3304.857006675207
0.19333333333333336,59.770699795573044,3304.843368247401
0.19350000000000003,59.770453136899356,3304.829729988442
0.19366666666666668,59.770206481279345,3304.8160918983276
0.19383333333333336,59.76995982871293,3304.802453977052
0.19400000000000003,59.76971317920007,3304.788816224614
0.19416666666666668,59.76946653274068,3304.7751786410086
0.19433333333333336,59.769219889334714,3304.7615412262335
0.19450000000000003,59.7689732489821,3304.7479039802843
0.19466666666666668,59.76872661168277,3304.7342669031573
0.19483333333333336,59.76847997743669,3304.7206299948502
0.19500000000000003,59.768233346243775,3304.706993255359
0.19516666666666668,59.76798671810395,3304.6933566846797
0.19533333333333336,59.76774009301717,3304.6797202828093
0.19550000000000003,59.76749347098336,3304.666084049744
0.19566666666666668,59.76724685200247,3304.6524479854806
0.19583333333333336,59.76700023607443,3304.6388120900156
0.19600000000000004,59.76675362319918,3304.625176363345
0.19616666666666668,59.76650701337665,3304.611540805466
0.19633333333333336,59.7662604066068,3304.597905416376
0.19650000000000004,59.76601380288953,3304.584270196069
0.19666666666666668,59.765767202224794,3304.5706351445433
0.19683333333333336,59.76552060461255,3304.5570002617956
0.19700000000000004,59.7652740100527,3304.5433655478214
0.19716666666666668,59.76502741854521,3304.529731002618
0.19733333333333336,59.76478083008999,3304.5160966261806
0.19750000000000004,59.764534244687,3304.502462418508
0.19766666666666668,59.764287662336166,3304.488828379595
0.19783333333333336,59.764041083037434,3304.475194509438
0.19800000000000004,59.763794506790724,3304.4615608080344
0.19816666666666669,59.76354793359599,3304.4479272753806
0.19833333333333336,59.76330136345317,3304.4342939114736
0.19850000000000004,59.76305479636217,3304.420660716308
0.19866666666666669,59.76280823232297,3304.4070276898815
0.19883333333333336,59.762561671335476,3304.393394832191
0.19900000000000004,59.762315113399644,3304.3797621432327
0.1991666666666667,59.762068558515416,3304.3661296230043
0.19933333333333336,59.7618220066827,3304.3524972715
0.19950000000000004,59.76157545790144,3304.338865088717
0.1996666666666667,59.76132891217161,3304.3252330746527
0.19983333333333336,59.76108236949311,3304.3116012293035
0.2,59.760835829865876,3304.297969552665
